"000c835555db62e319854d9f8912061cdca1893e","---------------------------"
"1-70%.txt"
"rouge","0.27211","0.27211","0.0","same"
"word","1"
"pontiff","pope","dig- wsd-"
"1-80%.txt"
"rouge","0.34545","0.34545","0.0","same"
"word","0"
"1-85%.txt"
"rouge","0.38298","0.38298","0.0","same"
"word","0"
"1-90%.txt"
"rouge","0.34286","0.34286","0.0","same"
"word","0"
"1-95%.txt"
"rouge","0.20834","0.20834","0.0","same"
"word","0"
"2-70%.txt"
"rouge","0.27211","0.27211","0.0","same"
"word","1"
"pontiff","pope","dig- wsd-"
"2-80%.txt"
"rouge","0.34545","0.34545","0.0","same"
"word","0"
"2-85%.txt"
"rouge","0.38298","0.38298","0.0","same"
"word","0"
"2-90%.txt"
"rouge","0.34286","0.34286","0.0","same"
"word","0"
"2-95%.txt"
"rouge","0.20834","0.20834","0.0","same"
"word","0"
"3-70%.txt"
"rouge","0.27211","0.27211","0.0","same"
"word","1"
"pontiff","pope","dig- wsd-"
"3-80%.txt"
"rouge","0.34545","0.34545","0.0","same"
"word","0"
"3-85%.txt"
"rouge","0.38298","0.38298","0.0","same"
"word","0"
"3-90%.txt"
"rouge","0.34286","0.34286","0.0","same"
"word","0"
"3-95%.txt"
"rouge","0.20834","0.20834","0.0","same"
"word","0"
"4-70%.txt"
"rouge","0.27211","0.27211","0.0","same"
"word","2"
"pontiff","pope","dig- wsd-"
"appointed","appoint","dig- wsd-"
"4-80%.txt"
"rouge","0.34545","0.34545","0.0","same"
"word","1"
"appointed","appoint","dig- wsd-"
"4-85%.txt"
"rouge","0.38298","0.38298","0.0","same"
"word","1"
"appointed","appoint","dig- wsd-"
"4-90%.txt"
"rouge","0.34286","0.34286","0.0","same"
"word","1"
"appointed","appoint","dig- wsd-"
"4-95%.txt"
"rouge","0.20834","0.20834","0.0","same"
"word","1"
"appointed","appoint","dig- wsd-"
"5-70%.txt"
"rouge","0.27211","0.27211","0.0","same"
"word","4"
"pontiff","pope","dig- wsd-"
"retired","retreat","dig- wsd-"
"honored","respect","dig- wsd-"
"appointed","appoint","dig- wsd-"
"5-80%.txt"
"rouge","0.34545","0.34545","0.0","same"
"word","3"
"retired","retreat","dig- wsd-"
"honored","respect","dig- wsd-"
"appointed","appoint","dig- wsd-"
"5-85%.txt"
"rouge","0.38298","0.38298","0.0","same"
"word","4"
"retired","retreat","dig- wsd-"
"honored","respect","dig- wsd-"
"appointed","appoint","dig- wsd-"
"contributed","contribute","dig- wsd-"
"5-90%.txt"
"rouge","0.34286","0.34286","0.0","same"
"word","3"
"retired","retreat","dig- wsd-"
"honored","respect","dig- wsd-"
"appointed","appoint","dig- wsd-"
"5-95%.txt"
"rouge","0.20834","0.20834","0.0","same"
"word","1"
"appointed","appoint","dig- wsd-"

"000ca3fc9d877f8d4bb2ebd1d6858c69be571fd8","---------------------------"
"1-70%.txt"
"rouge","0.19084","0.19084","0.0","same"
"word","2"
"resettled","resettle","dig- wsd-"
"resettling","resettle","dig- wsd-"
"1-80%.txt"
"rouge","0.26087","0.26087","0.0","same"
"word","1"
"resettled","resettle","dig- wsd-"
"1-85%.txt"
"rouge","0.18182","0.18182","0.0","same"
"word","1"
"resettling","resettle","dig- wsd-"
"1-90%.txt"
"rouge","0.32812","0.32812","0.0","same"
"word","2"
"resettled","resettle","dig- wsd-"
"resettling","resettle","dig- wsd-"
"1-95%.txt"
"rouge","0.24444","0.24444","0.0","same"
"word","1"
"resettling","resettle","dig- wsd-"
"2-70%.txt"
"rouge","0.19084","0.19084","0.0","same"
"word","2"
"resettled","resettle","dig- wsd-"
"resettling","resettle","dig- wsd-"
"2-80%.txt"
"rouge","0.26087","0.26087","0.0","same"
"word","1"
"resettled","resettle","dig- wsd-"
"2-85%.txt"
"rouge","0.18182","0.18182","0.0","same"
"word","1"
"resettling","resettle","dig- wsd-"
"2-90%.txt"
"rouge","0.32812","0.32812","0.0","same"
"word","2"
"resettled","resettle","dig- wsd-"
"resettling","resettle","dig- wsd-"
"2-95%.txt"
"rouge","0.24444","0.24444","0.0","same"
"word","1"
"resettling","resettle","dig- wsd-"
"3-70%.txt"
"rouge","0.19084","0.19084","0.0","same"
"word","2"
"resettled","resettle","dig- wsd-"
"resettling","resettle","dig- wsd-"
"3-80%.txt"
"rouge","0.26087","0.26087","0.0","same"
"word","1"
"resettled","resettle","dig- wsd-"
"3-85%.txt"
"rouge","0.18182","0.18182","0.0","same"
"word","1"
"resettling","resettle","dig- wsd-"
"3-90%.txt"
"rouge","0.32812","0.32812","0.0","same"
"word","2"
"resettled","resettle","dig- wsd-"
"resettling","resettle","dig- wsd-"
"3-95%.txt"
"rouge","0.24444","0.24444","0.0","same"
"word","1"
"resettling","resettle","dig- wsd-"
"4-70%.txt"
"rouge","0.19084","0.19084","0.0","same"
"word","5"
"detention","hold","dig- wsd-"
"resettled","resettle","dig- wsd-"
"resettling","resettle","dig- wsd-"
"according","agree","dig- wsd-"
"departed","depart","dig- wsd-"
"4-80%.txt"
"rouge","0.26087","0.26087","0.0","same"
"word","3"
"detention","hold","dig- wsd-"
"resettled","resettle","dig- wsd-"
"departed","depart","dig- wsd-"
"4-85%.txt"
"rouge","0.18182","0.18182","0.0","same"
"word","2"
"resettling","resettle","dig- wsd-"
"departed","depart","dig- wsd-"
"4-90%.txt"
"rouge","0.32812","0.32812","0.0","same"
"word","3"
"detention","hold","dig- wsd-"
"resettled","resettle","dig- wsd-"
"resettling","resettle","dig- wsd-"
"4-95%.txt"
"rouge","0.24444","0.24444","0.0","same"
"word","1"
"resettling","resettle","dig- wsd-"
"5-70%.txt"
"rouge","0.19084","0.19084","0.0","same"
"word","12"
"detention","hold","dig- wsd-"
"resettled","resettle","dig- wsd-"
"concerns","worry","dig- wsd-"
"resettling","resettle","dig- wsd-"
"nation,","country,","dig- wsd-"
"accept","take","dig- wsd+"
"concern","worry","dig- wsd-"
"tortured","torture","dig- wsd-"
"tortured","torture","dig- wsd-"
"transferred","transfer","dig- wsd-"
"according","agree","dig- wsd-"
"departed","depart","dig- wsd-"
"5-80%.txt"
"rouge","0.26087","0.26087","0.0","same"
"word","6"
"detention","hold","dig- wsd-"
"resettled","resettle","dig- wsd-"
"nation,","country,","dig- wsd-"
"accept","take","dig- wsd+"
"tortured","torture","dig- wsd-"
"departed","depart","dig- wsd-"
"5-85%.txt"
"rouge","0.18182","0.18182","0.0","same"
"word","4"
"concerns","worry","dig- wsd-"
"resettling","resettle","dig- wsd-"
"tortured","torture","dig- wsd-"
"departed","depart","dig- wsd-"
"5-90%.txt"
"rouge","0.32812","0.32812","0.0","same"
"word","5"
"detention","hold","dig- wsd-"
"resettled","resettle","dig- wsd-"
"concerns","worry","dig- wsd-"
"resettling","resettle","dig- wsd-"
"tortured","torture","dig- wsd-"
"5-95%.txt"
"rouge","0.24444","0.24444","0.0","same"
"word","3"
"concerns","worry","dig- wsd-"
"resettling","resettle","dig- wsd-"
"tortured","torture","dig- wsd-"

"000cd1ee0098c4d510a03ddc97d11764448ebac2","---------------------------"
"1-70%.txt"
"rouge","0.35807","0.35807","0.0","same"
"word","0"
"1-80%.txt"
"rouge","0.37714","0.37714","0.0","same"
"word","0"
"1-85%.txt"
"rouge","0.33784","0.33784","0.0","same"
"word","0"
"1-90%.txt"
"rouge","0.26891","0.26891","0.0","same"
"word","0"
"1-95%.txt"
"rouge","0.17977","0.17977","0.0","same"
"word","0"
"2-70%.txt"
"rouge","0.35807","0.35807","0.0","same"
"word","0"
"2-80%.txt"
"rouge","0.37714","0.37714","0.0","same"
"word","0"
"2-85%.txt"
"rouge","0.33784","0.33784","0.0","same"
"word","0"
"2-90%.txt"
"rouge","0.26891","0.26891","0.0","same"
"word","0"
"2-95%.txt"
"rouge","0.17977","0.17977","0.0","same"
"word","0"
"3-70%.txt"
"rouge","0.35807","0.35807","0.0","same"
"word","0"
"3-80%.txt"
"rouge","0.37714","0.37714","0.0","same"
"word","0"
"3-85%.txt"
"rouge","0.33784","0.33784","0.0","same"
"word","0"
"3-90%.txt"
"rouge","0.26891","0.26891","0.0","same"
"word","0"
"3-95%.txt"
"rouge","0.17977","0.17977","0.0","same"
"word","0"
"4-70%.txt"
"rouge","0.35807","0.35807","0.0","same"
"word","1"
"administrator","executive","dig- wsd-"
"4-80%.txt"
"rouge","0.37714","0.37714","0.0","same"
"word","1"
"administrator","executive","dig- wsd-"
"4-85%.txt"
"rouge","0.33784","0.33784","0.0","same"
"word","1"
"administrator","executive","dig- wsd-"
"4-90%.txt"
"rouge","0.26891","0.26891","0.0","same"
"word","0"
"4-95%.txt"
"rouge","0.17977","0.17977","0.0","same"
"word","0"
"5-70%.txt"
"rouge","0.35807","0.34935","0.008720000000000006","down"
"word","7"
"creature","tool","dig- wsd-"
"dragged","drag","dig- wsd-"
"announced","announce","dig- wsd-"
"administrator","executive","dig- wsd-"
"granted","grant","dig- wsd-"
"instances","case","dig- wsd-"
"feared","fear","dig- wsd-"
"5-80%.txt"
"rouge","0.37714","0.36572","0.011419999999999986","down"
"word","6"
"creature","tool","dig- wsd-"
"dragged","drag","dig- wsd-"
"announced","announce","dig- wsd-"
"administrator","executive","dig- wsd-"
"granted","grant","dig- wsd-"
"feared","fear","dig- wsd-"
"5-85%.txt"
"rouge","0.33784","0.33784","0.0","same"
"word","3"
"administrator","executive","dig- wsd-"
"granted","grant","dig- wsd-"
"feared","fear","dig- wsd-"
"5-90%.txt"
"rouge","0.26891","0.26891","0.0","same"
"word","1"
"feared","fear","dig- wsd-"
"5-95%.txt"
"rouge","0.17977","0.17977","0.0","same"
"word","1"
"announced","announce","dig- wsd-"

"000e009f6b1d954d827c9a550f3f24a5474ee82b","---------------------------"
"1-70%.txt"
"rouge","0.17842","0.17842","0.0","same"
"word","1"
"deceased","go","dig- wsd-"
"1-80%.txt"
"rouge","0.24189","0.24189","0.0","same"
"word","1"
"deceased","go","dig- wsd-"
"1-85%.txt"
"rouge","0.25278","0.25278","0.0","same"
"word","0"
"1-90%.txt"
"rouge","0.29592","0.29592","0.0","same"
"word","0"
"1-95%.txt"
"rouge","0.33871","0.33871","0.0","same"
"word","0"
"2-70%.txt"
"rouge","0.17842","0.17842","0.0","same"
"word","1"
"deceased","go","dig- wsd-"
"2-80%.txt"
"rouge","0.24189","0.24189","0.0","same"
"word","1"
"deceased","go","dig- wsd-"
"2-85%.txt"
"rouge","0.25278","0.25278","0.0","same"
"word","0"
"2-90%.txt"
"rouge","0.29592","0.29592","0.0","same"
"word","0"
"2-95%.txt"
"rouge","0.33871","0.33871","0.0","same"
"word","0"
"3-70%.txt"
"rouge","0.17842","0.17842","0.0","same"
"word","1"
"deceased","go","dig- wsd-"
"3-80%.txt"
"rouge","0.24189","0.24189","0.0","same"
"word","1"
"deceased","go","dig- wsd-"
"3-85%.txt"
"rouge","0.25278","0.25278","0.0","same"
"word","0"
"3-90%.txt"
"rouge","0.29592","0.29592","0.0","same"
"word","0"
"3-95%.txt"
"rouge","0.33871","0.33871","0.0","same"
"word","0"
"4-70%.txt"
"rouge","0.17842","0.17842","0.0","same"
"word","11"
"comrades","Comrade","dig- wsd-"
"ambush","trap","dig- wsd-"
"exploded,","explode,","dig- wsd-"
"administered","lot","dig- wsd-"
"publication","publishing","dig- wsd-"
"Stripes","bar","dig- wsd-"
"crawled","creep","dig- wsd-"
"deceased","go","dig- wsd-"
"comrade","Comrade","dig- wsd-"
"artillery","weapon","dig- wsd-"
"according","agree","dig- wsd-"
"4-80%.txt"
"rouge","0.24189","0.24189","0.0","same"
"word","8"
"administered","lot","dig- wsd-"
"publication","publishing","dig- wsd-"
"Stripes","bar","dig- wsd-"
"crawled","creep","dig- wsd-"
"deceased","go","dig- wsd-"
"comrade","Comrade","dig- wsd-"
"artillery","weapon","dig- wsd-"
"according","agree","dig- wsd-"
"4-85%.txt"
"rouge","0.25278","0.25278","0.0","same"
"word","5"
"administered","lot","dig- wsd-"
"publication","publishing","dig- wsd-"
"Stripes","bar","dig- wsd-"
"crawled","creep","dig- wsd-"
"according","agree","dig- wsd-"
"4-90%.txt"
"rouge","0.29592","0.29592","0.0","same"
"word","4"
"administered","lot","dig- wsd-"
"publication","publishing","dig- wsd-"
"Stripes","bar","dig- wsd-"
"crawled","creep","dig- wsd-"
"4-95%.txt"
"rouge","0.33871","0.33871","0.0","same"
"word","1"
"crawled","creep","dig- wsd-"
"5-70%.txt"
"rouge","0.17842","0.15416","0.024260000000000004","down"
"word","42"
"his","how-do-you-do","dig- wsd-"
"comrades","Comrade","dig- wsd-"
"ambush","trap","dig- wsd-"
"Medal","palm","dig+ wsd-"
"his","how-do-you-do","dig- wsd-"
"ensured","see","dig- wsd-"
"minutes","second","dig- wsd-"
"insisted","insist","dig- wsd-"
"dressed","dress","dig- wsd-"
"finishing","finish","dig- wsd-"
"his","how-do-you-do","dig- wsd-"
"beginning","get","dig- wsd-"
"exploded,","explode,","dig- wsd-"
"knocking","pink","dig- wsd-"
"administered","lot","dig- wsd-"
"aid","help","dig- wsd-"
"wounded","wound","dig- wsd+"
"realized","see","dig- wsd-"
"his","how-do-you-do","dig- wsd-"
"braving","weather","dig- wsd-"
"continued","keep","dig- wsd-"
"his","how-do-you-do","dig- wsd-"
"publication","publishing","dig- wsd-"
"Stripes","bar","dig- wsd-"
"crawled","creep","dig- wsd-"
"dragged","drag","dig- wsd-"
"this","thow-do-you-do","dig- wsd-"
"wrapped","wrap","dig- wsd-"
"his","how-do-you-do","dig- wsd-"
"deceased","go","dig- wsd-"
"comrade","Comrade","dig- wsd-"
"artillery","weapon","dig- wsd-"
"trained","train","dig- wsd-"
"Medal","palm","dig+ wsd-"
"received","welcome","dig- wsd-"
"Medal","palm","dig+ wsd-"
"according","agree","dig- wsd-"
"Medal","palm","dig+ wsd-"
"his","how-do-you-do","dig- wsd-"
"Medal","palm","dig+ wsd-"
"receive","welcome","dig- wsd-"
"Medal","palm","dig+ wsd-"
"5-80%.txt"
"rouge","0.24189","0.22223","0.019659999999999983","down"
"word","23"
"minutes","second","dig- wsd-"
"insisted","insist","dig- wsd-"
"dressed","dress","dig- wsd-"
"administered","lot","dig- wsd-"
"aid","help","dig- wsd-"
"wounded","wound","dig- wsd+"
"braving","weather","dig- wsd-"
"publication","publishing","dig- wsd-"
"Stripes","bar","dig- wsd-"
"crawled","creep","dig- wsd-"
"deceased","go","dig- wsd-"
"comrade","Comrade","dig- wsd-"
"artillery","weapon","dig- wsd-"
"trained","train","dig- wsd-"
"Medal","palm","dig+ wsd-"
"received","welcome","dig- wsd-"
"Medal","palm","dig+ wsd-"
"according","agree","dig- wsd-"
"Medal","palm","dig+ wsd-"
"his","how-do-you-do","dig- wsd-"
"Medal","palm","dig+ wsd-"
"receive","welcome","dig- wsd-"
"Medal","palm","dig+ wsd-"
"5-85%.txt"
"rouge","0.25278","0.23791","0.014869999999999994","down"
"word","19"
"minutes","second","dig- wsd-"
"insisted","insist","dig- wsd-"
"dressed","dress","dig- wsd-"
"administered","lot","dig- wsd-"
"aid","help","dig- wsd-"
"wounded","wound","dig- wsd+"
"braving","weather","dig- wsd-"
"publication","publishing","dig- wsd-"
"Stripes","bar","dig- wsd-"
"crawled","creep","dig- wsd-"
"trained","train","dig- wsd-"
"Medal","palm","dig+ wsd-"
"received","welcome","dig- wsd-"
"Medal","palm","dig+ wsd-"
"according","agree","dig- wsd-"
"Medal","palm","dig+ wsd-"
"Medal","palm","dig+ wsd-"
"receive","welcome","dig- wsd-"
"Medal","palm","dig+ wsd-"
"5-90%.txt"
"rouge","0.29592","0.27551","0.02041000000000004","down"
"word","12"
"dressed","dress","dig- wsd-"
"administered","lot","dig- wsd-"
"aid","help","dig- wsd-"
"wounded","wound","dig- wsd+"
"braving","weather","dig- wsd-"
"publication","publishing","dig- wsd-"
"Stripes","bar","dig- wsd-"
"crawled","creep","dig- wsd-"
"trained","train","dig- wsd-"
"Medal","palm","dig+ wsd-"
"receive","welcome","dig- wsd-"
"Medal","palm","dig+ wsd-"
"5-95%.txt"
"rouge","0.33871","0.30645","0.03226000000000001","down"
"word","5"
"dressed","dress","dig- wsd-"
"braving","weather","dig- wsd-"
"crawled","creep","dig- wsd-"
"trained","train","dig- wsd-"
"Medal","palm","dig+ wsd-"

"00a2aef1e18d125960da51e167a3d22ed8416c09","---------------------------"
"1-70%.txt"
"rouge","0.34146","0.34146","0.0","same"
"word","0"
"1-80%.txt"
"rouge","0.36","0.36","0.0","same"
"word","0"
"1-85%.txt"
"rouge","0.35294","0.35294","0.0","same"
"word","0"
"1-90%.txt"
"rouge","0.41176","0.41176","0.0","same"
"word","0"
"1-95%.txt"
"rouge","0.15094","0.15094","0.0","same"
"word","0"
"2-70%.txt"
"rouge","0.34146","0.34146","0.0","same"
"word","0"
"2-80%.txt"
"rouge","0.36","0.36","0.0","same"
"word","0"
"2-85%.txt"
"rouge","0.35294","0.35294","0.0","same"
"word","0"
"2-90%.txt"
"rouge","0.41176","0.41176","0.0","same"
"word","0"
"2-95%.txt"
"rouge","0.15094","0.15094","0.0","same"
"word","0"
"3-70%.txt"
"rouge","0.34146","0.34146","0.0","same"
"word","0"
"3-80%.txt"
"rouge","0.36","0.36","0.0","same"
"word","0"
"3-85%.txt"
"rouge","0.35294","0.35294","0.0","same"
"word","0"
"3-90%.txt"
"rouge","0.41176","0.41176","0.0","same"
"word","0"
"3-95%.txt"
"rouge","0.15094","0.15094","0.0","same"
"word","0"
"4-70%.txt"
"rouge","0.34146","0.3252","0.016259999999999997","down"
"word","1"
"captives","prisoner","dig- wsd-"
"4-80%.txt"
"rouge","0.36","0.34","0.019999999999999962","down"
"word","1"
"captives","prisoner","dig- wsd-"
"4-85%.txt"
"rouge","0.35294","0.32941","0.023529999999999995","down"
"word","1"
"captives","prisoner","dig- wsd-"
"4-90%.txt"
"rouge","0.41176","0.38235","0.02940999999999999","down"
"word","1"
"captives","prisoner","dig- wsd-"
"4-95%.txt"
"rouge","0.15094","0.15094","0.0","same"
"word","0"
"5-70%.txt"
"rouge","0.34146","0.30895","0.03250999999999998","down"
"word","7"
"remain","stay","dig- wsd-"
"treated","treat","dig- wsd-"
"arrested,","hold,","dig- wsd-"
"captives","prisoner","dig- wsd-"
"chained","chain","dig- wsd-"
"apparently","obviously","dig- wsd-"
"prevent","keep","dig- wsd-"
"5-80%.txt"
"rouge","0.36","0.34","0.019999999999999962","down"
"word","6"
"remain","stay","dig- wsd-"
"treated","treat","dig- wsd-"
"captives","prisoner","dig- wsd-"
"chained","chain","dig- wsd-"
"apparently","obviously","dig- wsd-"
"prevent","keep","dig- wsd-"
"5-85%.txt"
"rouge","0.35294","0.32941","0.023529999999999995","down"
"word","6"
"remain","stay","dig- wsd-"
"treated","treat","dig- wsd-"
"captives","prisoner","dig- wsd-"
"chained","chain","dig- wsd-"
"apparently","obviously","dig- wsd-"
"prevent","keep","dig- wsd-"
"5-90%.txt"
"rouge","0.41176","0.38235","0.02940999999999999","down"
"word","4"
"captives","prisoner","dig- wsd-"
"chained","chain","dig- wsd-"
"apparently","obviously","dig- wsd-"
"prevent","keep","dig- wsd-"
"5-95%.txt"
"rouge","0.15094","0.15094","0.0","same"
"word","0"

"00a308681faf9c82a0e62a89b21fcdefb84b88fa","---------------------------"
"1-70%.txt"
"rouge","0.15221","0.15221","0.0","same"
"word","0"
"1-80%.txt"
"rouge","0.20178","0.20178","0.0","same"
"word","0"
"1-85%.txt"
"rouge","0.24719","0.24719","0.0","same"
"word","0"
"1-90%.txt"
"rouge","0.3015","0.3015","0.0","same"
"word","0"
"1-95%.txt"
"rouge","0.25197","0.25197","0.0","same"
"word","0"
"2-70%.txt"
"rouge","0.15221","0.15221","0.0","same"
"word","0"
"2-80%.txt"
"rouge","0.20178","0.20178","0.0","same"
"word","0"
"2-85%.txt"
"rouge","0.24719","0.24719","0.0","same"
"word","0"
"2-90%.txt"
"rouge","0.3015","0.3015","0.0","same"
"word","0"
"2-95%.txt"
"rouge","0.25197","0.25197","0.0","same"
"word","0"
"3-70%.txt"
"rouge","0.15221","0.15221","0.0","same"
"word","0"
"3-80%.txt"
"rouge","0.20178","0.20178","0.0","same"
"word","0"
"3-85%.txt"
"rouge","0.24719","0.24719","0.0","same"
"word","0"
"3-90%.txt"
"rouge","0.3015","0.3015","0.0","same"
"word","0"
"3-95%.txt"
"rouge","0.25197","0.25197","0.0","same"
"word","0"
"4-70%.txt"
"rouge","0.15221","0.15221","0.0","same"
"word","8"
"According","agree","dig- wsd-"
"according","agree","dig- wsd-"
"podium;","stump;","dig- wsd-"
"numbed","dull","dig- wsd-"
"uncover","expose","dig- wsd-"
"motive","need","dig- wsd-"
"Administrator","executive","dig- wsd-"
"prompted","remind","dig- wsd-"
"4-80%.txt"
"rouge","0.20178","0.20178","0.0","same"
"word","5"
"According","agree","dig- wsd-"
"according","agree","dig- wsd-"
"numbed","dull","dig- wsd-"
"Administrator","executive","dig- wsd-"
"prompted","remind","dig- wsd-"
"4-85%.txt"
"rouge","0.24719","0.24719","0.0","same"
"word","3"
"according","agree","dig- wsd-"
"Administrator","executive","dig- wsd-"
"prompted","remind","dig- wsd-"
"4-90%.txt"
"rouge","0.3015","0.3015","0.0","same"
"word","3"
"according","agree","dig- wsd-"
"Administrator","executive","dig- wsd-"
"prompted","remind","dig- wsd-"
"4-95%.txt"
"rouge","0.25197","0.25197","0.0","same"
"word","1"
"according","agree","dig- wsd-"
"5-70%.txt"
"rouge","0.15221","0.14404","0.00817000000000001","down"
"word","34"
"welfare","well-being","dig- wsd-"
"arrived","arrive","dig- wsd-"
"his","how-do-you-do","dig- wsd-"
"apartment","flat","dig- wsd-"
"According","agree","dig- wsd-"
"his","how-do-you-do","dig- wsd-"
"began","start","dig- wsd-"
"claimed","take","dig- wsd-"
"his","how-do-you-do","dig- wsd-"
"demanded","need","dig- wsd-"
"arrived","arrive","dig- wsd-"
"apartment","flat","dig- wsd-"
"minutes","hour","dig- wsd-"
"according","agree","dig- wsd-"
"his","how-do-you-do","dig- wsd-"
"exist","live","dig- wsd-"
"podium;","stump;","dig- wsd-"
"exists","lives","dig- wsd-"
"measures","standard","dig- wsd-"
"protecting","protect","dig- wsd-"
"examine,","try,","dig- wsd-"
"delayed","stay","dig- wsd-"
"operating","operate","dig- wsd-"
"normally","usually","dig- wsd-"
"attorney","lawyer","dig- wsd-"
"shocked","shock","dig- wsd-"
"numbed","dull","dig- wsd-"
"continue","stay","dig- wsd-"
"Attorney","lawyer","dig- wsd-"
"uncover","expose","dig- wsd-"
"motive","need","dig- wsd-"
"Administrator","executive","dig- wsd-"
"prompted","remind","dig- wsd-"
"improve","better","dig- wsd-"
"5-80%.txt"
"rouge","0.20178","0.18444","0.017339999999999994","down"
"word","25"
"welfare","well-being","dig- wsd-"
"arrived","arrive","dig- wsd-"
"his","how-do-you-do","dig- wsd-"
"apartment","flat","dig- wsd-"
"According","agree","dig- wsd-"
"his","how-do-you-do","dig- wsd-"
"began","start","dig- wsd-"
"arrived","arrive","dig- wsd-"
"apartment","flat","dig- wsd-"
"minutes","hour","dig- wsd-"
"according","agree","dig- wsd-"
"continued","stay","dig- wsd-"
"shooting","charge","dig- wsd-"
"his","how-do-you-do","dig- wsd-"
"measures","standard","dig- wsd-"
"delayed","stay","dig- wsd-"
"operating","operate","dig- wsd-"
"normally","usually","dig- wsd-"
"attorney","lawyer","dig- wsd-"
"shocked","shock","dig- wsd-"
"numbed","dull","dig- wsd-"
"continue","stay","dig- wsd-"
"Administrator","executive","dig- wsd-"
"prompted","remind","dig- wsd-"
"improve","better","dig- wsd-"
"5-85%.txt"
"rouge","0.24719","0.22627","0.020919999999999994","down"
"word","17"
"welfare","well-being","dig- wsd-"
"arrived","arrive","dig- wsd-"
"his","how-do-you-do","dig- wsd-"
"apartment","flat","dig- wsd-"
"arrived","arrive","dig- wsd-"
"apartment","flat","dig- wsd-"
"minutes","hour","dig- wsd-"
"according","agree","dig- wsd-"
"his","how-do-you-do","dig- wsd-"
"measures","standard","dig- wsd-"
"delayed","stay","dig- wsd-"
"operating","operate","dig- wsd-"
"normally","usually","dig- wsd-"
"continue","stay","dig- wsd-"
"Administrator","executive","dig- wsd-"
"prompted","remind","dig- wsd-"
"improve","better","dig- wsd-"
"5-90%.txt"
"rouge","0.3015","0.27184","0.029659999999999964","down"
"word","15"
"welfare","well-being","dig- wsd-"
"arrived","arrive","dig- wsd-"
"his","how-do-you-do","dig- wsd-"
"apartment","flat","dig- wsd-"
"arrived","arrive","dig- wsd-"
"apartment","flat","dig- wsd-"
"minutes","hour","dig- wsd-"
"according","agree","dig- wsd-"
"his","how-do-you-do","dig- wsd-"
"operating","operate","dig- wsd-"
"normally","usually","dig- wsd-"
"continue","stay","dig- wsd-"
"Administrator","executive","dig- wsd-"
"prompted","remind","dig- wsd-"
"improve","better","dig- wsd-"
"5-95%.txt"
"rouge","0.25197","0.24615","0.00582000000000002","down"
"word","5"
"according","agree","dig- wsd-"
"his","how-do-you-do","dig- wsd-"
"operating","operate","dig- wsd-"
"normally","usually","dig- wsd-"
"continue","stay","dig- wsd-"

"00a340f3a884fcbdad7c0399782d9ca9d2d68ef7","---------------------------"
"1-70%.txt"
"rouge","0.26285","0.26285","0.0","same"
"word","2"
"molested","molest","dig- wsd-"
"inhalation,","inspiration,","dig- wsd-"
"1-80%.txt"
"rouge","0.25757","0.25757","0.0","same"
"word","2"
"inhalation,","inspiration,","dig- wsd-"
"trampled","tread","dig- wsd-"
"1-85%.txt"
"rouge","0.3063","0.3063","0.0","same"
"word","1"
"inhalation,","inspiration,","dig- wsd-"
"1-90%.txt"
"rouge","0.29213","0.29213","0.0","same"
"word","0"
"1-95%.txt"
"rouge","0.28125","0.28125","0.0","same"
"word","0"
"2-70%.txt"
"rouge","0.26285","0.26285","0.0","same"
"word","2"
"molested","molest","dig- wsd-"
"inhalation,","inspiration,","dig- wsd-"
"2-80%.txt"
"rouge","0.25757","0.25757","0.0","same"
"word","2"
"inhalation,","inspiration,","dig- wsd-"
"trampled","tread","dig- wsd-"
"2-85%.txt"
"rouge","0.3063","0.3063","0.0","same"
"word","1"
"inhalation,","inspiration,","dig- wsd-"
"2-90%.txt"
"rouge","0.29213","0.29213","0.0","same"
"word","0"
"2-95%.txt"
"rouge","0.28125","0.28125","0.0","same"
"word","0"
"3-70%.txt"
"rouge","0.26285","0.26285","0.0","same"
"word","2"
"molested","molest","dig- wsd-"
"inhalation,","inspiration,","dig- wsd-"
"3-80%.txt"
"rouge","0.25757","0.25757","0.0","same"
"word","2"
"inhalation,","inspiration,","dig- wsd-"
"trampled","tread","dig- wsd-"
"3-85%.txt"
"rouge","0.3063","0.3063","0.0","same"
"word","1"
"inhalation,","inspiration,","dig- wsd-"
"3-90%.txt"
"rouge","0.29213","0.29213","0.0","same"
"word","0"
"3-95%.txt"
"rouge","0.28125","0.28125","0.0","same"
"word","0"
"4-70%.txt"
"rouge","0.26285","0.26285","0.0","same"
"word","5"
"convicted","convict","dig- wsd+"
"strangled","strangle","dig- wsd-"
"molested","molest","dig- wsd-"
"flee","fly","dig- wsd-"
"inhalation,","inspiration,","dig- wsd-"
"4-80%.txt"
"rouge","0.25757","0.25757","0.0","same"
"word","4"
"convicted","convict","dig- wsd+"
"inhalation,","inspiration,","dig- wsd-"
"pursuits","quest","dig- wsd-"
"trampled","tread","dig- wsd-"
"4-85%.txt"
"rouge","0.3063","0.3063","0.0","same"
"word","2"
"convicted","convict","dig- wsd+"
"inhalation,","inspiration,","dig- wsd-"
"4-90%.txt"
"rouge","0.29213","0.29213","0.0","same"
"word","1"
"convicted","convict","dig- wsd+"
"4-95%.txt"
"rouge","0.28125","0.28125","0.0","same"
"word","1"
"convicted","convict","dig- wsd+"
"5-70%.txt"
"rouge","0.26285","0.25414","0.008709999999999996","down"
"word","17"
"convicted","convict","dig- wsd+"
"capital","Capital","dig- wsd-"
"raped","pink","dig- wsd-"
"strangled","strangle","dig- wsd-"
"his","how-do-you-do","dig- wsd-"
"molested","molest","dig- wsd-"
"flee","fly","dig- wsd-"
"his","how-do-you-do","dig- wsd-"
"tied","link","dig- wsd-"
"inhalation,","inspiration,","dig- wsd-"
"managed","handle","dig- wsd-"
"escape","run","dig- wsd-"
"task","project","dig- wsd-"
"sentencing","sentence","dig- wsd-"
"sober","serious","dig- wsd-"
"Superior","master","dig- wsd-"
"responded","answer","dig- wsd-"
"5-80%.txt"
"rouge","0.25757","0.25185","0.005720000000000003","down"
"word","10"
"convicted","convict","dig- wsd+"
"capital","Capital","dig- wsd-"
"his","how-do-you-do","dig- wsd-"
"tied","link","dig- wsd-"
"inhalation,","inspiration,","dig- wsd-"
"managed","handle","dig- wsd-"
"escape","run","dig- wsd-"
"responded","answer","dig- wsd-"
"pursuits","quest","dig- wsd-"
"trampled","tread","dig- wsd-"
"5-85%.txt"
"rouge","0.3063","0.29825","0.008050000000000002","down"
"word","8"
"convicted","convict","dig- wsd+"
"capital","Capital","dig- wsd-"
"his","how-do-you-do","dig- wsd-"
"tied","link","dig- wsd-"
"inhalation,","inspiration,","dig- wsd-"
"managed","handle","dig- wsd-"
"escape","run","dig- wsd-"
"responded","answer","dig- wsd-"
"5-90%.txt"
"rouge","0.29213","0.2826","0.009529999999999983","down"
"word","4"
"convicted","convict","dig- wsd+"
"capital","Capital","dig- wsd-"
"his","how-do-you-do","dig- wsd-"
"responded","answer","dig- wsd-"
"5-95%.txt"
"rouge","0.28125","0.28125","0.0","same"
"word","2"
"convicted","convict","dig- wsd+"
"capital","Capital","dig- wsd-"

"00a39c134080b6f215a81c15d46c3ac7cc7bdcf3","---------------------------"
"1-70%.txt"
"rouge","0.12638","0.12638","0.0","same"
"word","1"
"Unzipped","unzip","dig- wsd-"
"1-80%.txt"
"rouge","0.14286","0.14286","0.0","same"
"word","0"
"1-85%.txt"
"rouge","0.16","0.16","0.0","same"
"word","0"
"1-90%.txt"
"rouge","0.18666","0.18666","0.0","same"
"word","0"
"1-95%.txt"
"rouge","0.21978","0.21978","0.0","same"
"word","0"
"2-70%.txt"
"rouge","0.12638","0.12638","0.0","same"
"word","1"
"Unzipped","unzip","dig- wsd-"
"2-80%.txt"
"rouge","0.14286","0.14286","0.0","same"
"word","0"
"2-85%.txt"
"rouge","0.16","0.16","0.0","same"
"word","0"
"2-90%.txt"
"rouge","0.18666","0.18666","0.0","same"
"word","0"
"2-95%.txt"
"rouge","0.21978","0.21978","0.0","same"
"word","0"
"3-70%.txt"
"rouge","0.12638","0.12638","0.0","same"
"word","1"
"Unzipped","unzip","dig- wsd-"
"3-80%.txt"
"rouge","0.14286","0.14286","0.0","same"
"word","0"
"3-85%.txt"
"rouge","0.16","0.16","0.0","same"
"word","0"
"3-90%.txt"
"rouge","0.18666","0.18666","0.0","same"
"word","0"
"3-95%.txt"
"rouge","0.21978","0.21978","0.0","same"
"word","0"
"4-70%.txt"
"rouge","0.12638","0.12638","0.0","same"
"word","1"
"Unzipped","unzip","dig- wsd-"
"4-80%.txt"
"rouge","0.14286","0.14286","0.0","same"
"word","0"
"4-85%.txt"
"rouge","0.16","0.16","0.0","same"
"word","0"
"4-90%.txt"
"rouge","0.18666","0.18666","0.0","same"
"word","0"
"4-95%.txt"
"rouge","0.21978","0.21978","0.0","same"
"word","0"
"5-70%.txt"
"rouge","0.12638","0.12088","0.005499999999999991","down"
"word","9"
"theater","house","dig- wsd-"
"fashion","way","dig- wsd-"
"Unzipped","unzip","dig- wsd-"
"error","fault","dig- wsd-"
"error","fault","dig- wsd-"
"flowers","prime","dig- wsd-"
"flowers","prime","dig- wsd-"
"flowers","prime","dig- wsd-"
"flowers","prime","dig- wsd-"
"5-80%.txt"
"rouge","0.14286","0.13492","0.007939999999999975","down"
"word","5"
"theater","house","dig- wsd-"
"error","fault","dig- wsd-"
"error","fault","dig- wsd-"
"flowers","prime","dig- wsd-"
"flowers","prime","dig- wsd-"
"5-85%.txt"
"rouge","0.16","0.15","0.010000000000000009","down"
"word","2"
"error","fault","dig- wsd-"
"flowers","prime","dig- wsd-"
"5-90%.txt"
"rouge","0.18666","0.17333","0.01332999999999998","down"
"word","2"
"error","fault","dig- wsd-"
"flowers","prime","dig- wsd-"
"5-95%.txt"
"rouge","0.21978","0.1978","0.02198","down"
"word","1"
"flowers","prime","dig- wsd-"

"00a51966da4726dc1a3fc7b8c148866a9a23581a","---------------------------"
"1-70%.txt"
"rouge","0.32068","0.32068","0.0","same"
"word","1"
"grappling","grip","dig- wsd-"
"1-80%.txt"
"rouge","0.36782","0.36782","0.0","same"
"word","0"
"1-85%.txt"
"rouge","0.41429","0.41429","0.0","same"
"word","0"
"1-90%.txt"
"rouge","0.45455","0.45455","0.0","same"
"word","0"
"1-95%.txt"
"rouge","0.42105","0.42105","0.0","same"
"word","0"
"2-70%.txt"
"rouge","0.32068","0.32068","0.0","same"
"word","1"
"grappling","grip","dig- wsd-"
"2-80%.txt"
"rouge","0.36782","0.36782","0.0","same"
"word","0"
"2-85%.txt"
"rouge","0.41429","0.41429","0.0","same"
"word","0"
"2-90%.txt"
"rouge","0.45455","0.45455","0.0","same"
"word","0"
"2-95%.txt"
"rouge","0.42105","0.42105","0.0","same"
"word","0"
"3-70%.txt"
"rouge","0.32068","0.32068","0.0","same"
"word","1"
"grappling","grip","dig- wsd-"
"3-80%.txt"
"rouge","0.36782","0.36782","0.0","same"
"word","0"
"3-85%.txt"
"rouge","0.41429","0.41429","0.0","same"
"word","0"
"3-90%.txt"
"rouge","0.45455","0.45455","0.0","same"
"word","0"
"3-95%.txt"
"rouge","0.42105","0.42105","0.0","same"
"word","0"
"4-70%.txt"
"rouge","0.32068","0.31224","0.008440000000000003","down"
"word","5"
"condemned","sentence","dig- wsd-"
"Iraqis","Iraqi","dig- wsd+"
"grappling","grip","dig- wsd-"
"according","agree","dig- wsd-"
"exploded","explode","dig- wsd-"
"4-80%.txt"
"rouge","0.36782","0.35632","0.011499999999999955","down"
"word","4"
"condemned","sentence","dig- wsd-"
"according","agree","dig- wsd-"
"injured","wound","dig- wsd-"
"exploded","explode","dig- wsd-"
"4-85%.txt"
"rouge","0.41429","0.41429","0.0","same"
"word","1"
"exploded","explode","dig- wsd-"
"4-90%.txt"
"rouge","0.45455","0.45455","0.0","same"
"word","0"
"4-95%.txt"
"rouge","0.42105","0.42105","0.0","same"
"word","0"
"5-70%.txt"
"rouge","0.32068","0.30126","0.01942000000000005","down"
"word","17"
"targeting","place","dig- wsd-"
"Christians","Christian","dig- wsd+"
"38","thirty-eight","dig- wsd-"
"condemned","sentence","dig- wsd-"
"targeting","place","dig- wsd-"
"Christians","Christian","dig- wsd+"
"celebrating","keep","dig- wsd-"
"suffered","support","dig- wsd-"
"Iraqis","Iraqi","dig- wsd+"
"annual","one-year","dig- wsd-"
"grappling","grip","dig- wsd-"
"according","agree","dig- wsd-"
"estimated","guess","dig- wsd-"
"Christians","Christian","dig- wsd+"
"continues","stay","dig- wsd-"
"exploded","explode","dig- wsd-"
"Christians","Christian","dig- wsd+"
"5-80%.txt"
"rouge","0.36782","0.33143","0.03638999999999998","down"
"word","13"
"targeting","place","dig- wsd-"
"Christians","Christian","dig- wsd+"
"38","thirty-eight","dig- wsd-"
"condemned","sentence","dig- wsd-"
"targeting","place","dig- wsd-"
"Christians","Christian","dig- wsd+"
"celebrating","keep","dig- wsd-"
"according","agree","dig- wsd-"
"estimated","guess","dig- wsd-"
"Christians","Christian","dig- wsd+"
"injured","wound","dig- wsd-"
"exploded","explode","dig- wsd-"
"Christians","Christian","dig- wsd+"
"5-85%.txt"
"rouge","0.41429","0.39716","0.01712999999999998","down"
"word","6"
"targeting","place","dig- wsd-"
"Christians","Christian","dig- wsd+"
"38","thirty-eight","dig- wsd-"
"continues","stay","dig- wsd-"
"exploded","explode","dig- wsd-"
"Christians","Christian","dig- wsd+"
"5-90%.txt"
"rouge","0.45455","0.43243","0.02212000000000003","down"
"word","4"
"targeting","place","dig- wsd-"
"Christians","Christian","dig- wsd+"
"38","thirty-eight","dig- wsd-"
"Christians","Christian","dig- wsd+"
"5-95%.txt"
"rouge","0.42105","0.42105","0.0","same"
"word","0"

"00a51d5454f2ef7dbf4c53471223a27fb9c20681","---------------------------"
"1-70%.txt"
"rouge","0.17667","0.17667","0.0","same"
"word","1"
"rousing","rouse","dig- wsd-"
"1-80%.txt"
"rouge","0.15921","0.15921","0.0","same"
"word","1"
"rousing","rouse","dig- wsd-"
"1-85%.txt"
"rouge","0.16149","0.16149","0.0","same"
"word","1"
"rousing","rouse","dig- wsd-"
"1-90%.txt"
"rouge","0.15126","0.15126","0.0","same"
"word","1"
"rousing","rouse","dig- wsd-"
"1-95%.txt"
"rouge","0.2","0.2","0.0","same"
"word","0"
"2-70%.txt"
"rouge","0.17667","0.17667","0.0","same"
"word","1"
"rousing","rouse","dig- wsd-"
"2-80%.txt"
"rouge","0.15921","0.15921","0.0","same"
"word","1"
"rousing","rouse","dig- wsd-"
"2-85%.txt"
"rouge","0.16149","0.16149","0.0","same"
"word","1"
"rousing","rouse","dig- wsd-"
"2-90%.txt"
"rouge","0.15126","0.15126","0.0","same"
"word","1"
"rousing","rouse","dig- wsd-"
"2-95%.txt"
"rouge","0.2","0.2","0.0","same"
"word","0"
"3-70%.txt"
"rouge","0.17667","0.17667","0.0","same"
"word","1"
"rousing","rouse","dig- wsd-"
"3-80%.txt"
"rouge","0.15921","0.15921","0.0","same"
"word","1"
"rousing","rouse","dig- wsd-"
"3-85%.txt"
"rouge","0.16149","0.16149","0.0","same"
"word","1"
"rousing","rouse","dig- wsd-"
"3-90%.txt"
"rouge","0.15126","0.15126","0.0","same"
"word","1"
"rousing","rouse","dig- wsd-"
"3-95%.txt"
"rouge","0.2","0.2","0.0","same"
"word","0"
"4-70%.txt"
"rouge","0.17667","0.17667","0.0","same"
"word","5"
"Hispanics","Hispanic","dig- wsd-"
"tempting","tempt","dig- wsd-"
"Latinos","Latino","dig- wsd+"
"Latinos","Latino","dig- wsd+"
"rousing","rouse","dig- wsd-"
"4-80%.txt"
"rouge","0.15921","0.15921","0.0","same"
"word","4"
"Hispanics","Hispanic","dig- wsd-"
"Latinos","Latino","dig- wsd+"
"Latinos","Latino","dig- wsd+"
"rousing","rouse","dig- wsd-"
"4-85%.txt"
"rouge","0.16149","0.16149","0.0","same"
"word","3"
"Hispanics","Hispanic","dig- wsd-"
"Latinos","Latino","dig- wsd+"
"rousing","rouse","dig- wsd-"
"4-90%.txt"
"rouge","0.15126","0.15126","0.0","same"
"word","2"
"Latinos","Latino","dig- wsd+"
"rousing","rouse","dig- wsd-"
"4-95%.txt"
"rouge","0.2","0.2","0.0","same"
"word","0"
"5-70%.txt"
"rouge","0.17667","0.15436","0.022309999999999997","down"
"word","23"
"favored","favor","dig- wsd+"
"Hispanics","Hispanic","dig- wsd-"
"stuck","stick","dig- wsd-"
"his","how-do-you-do","dig- wsd-"
"roots,","solution,","dig- wsd-"
"tempting","tempt","dig- wsd-"
"his","how-do-you-do","dig- wsd-"
"his","how-do-you-do","dig- wsd-"
"signature","touch","dig- wsd-"
"relations","relative","dig- wsd-"
"aside,","away,","dig- wsd-"
"Latinos","Latino","dig- wsd+"
"doubts","question","dig- wsd-"
"noted","mark","dig- wsd-"
"Latinos","Latino","dig- wsd+"
"appeal","collection","dig- wsd-"
"his","how-do-you-do","dig- wsd-"
"lack","want","dig- wsd-"
"task","project","dig- wsd-"
"rousing","rouse","dig- wsd-"
"His","how-do-you-do","dig- wsd-"
"opportunity","chance","dig- wsd-"
"embraced","embrace","dig- wsd-"
"5-80%.txt"
"rouge","0.15921","0.14706","0.012149999999999994","down"
"word","13"
"favored","favor","dig- wsd+"
"Hispanics","Hispanic","dig- wsd-"
"stuck","stick","dig- wsd-"
"aside,","away,","dig- wsd-"
"Latinos","Latino","dig- wsd+"
"doubts","question","dig- wsd-"
"noted","mark","dig- wsd-"
"Latinos","Latino","dig- wsd+"
"his","how-do-you-do","dig- wsd-"
"lack","want","dig- wsd-"
"task","project","dig- wsd-"
"rousing","rouse","dig- wsd-"
"embraced","embrace","dig- wsd-"
"5-85%.txt"
"rouge","0.16149","0.14634","0.015149999999999997","down"
"word","10"
"favored","favor","dig- wsd+"
"Hispanics","Hispanic","dig- wsd-"
"aside,","away,","dig- wsd-"
"Latinos","Latino","dig- wsd+"
"appeal","collection","dig- wsd-"
"his","how-do-you-do","dig- wsd-"
"lack","want","dig- wsd-"
"task","project","dig- wsd-"
"rousing","rouse","dig- wsd-"
"embraced","embrace","dig- wsd-"
"5-90%.txt"
"rouge","0.15126","0.13115","0.020110000000000017","down"
"word","6"
"Latinos","Latino","dig- wsd+"
"his","how-do-you-do","dig- wsd-"
"lack","want","dig- wsd-"
"task","project","dig- wsd-"
"rousing","rouse","dig- wsd-"
"embraced","embrace","dig- wsd-"
"5-95%.txt"
"rouge","0.2","0.16868","0.031320000000000014","down"
"word","4"
"appeal","collection","dig- wsd-"
"his","how-do-you-do","dig- wsd-"
"lack","want","dig- wsd-"
"embraced","embrace","dig- wsd-"

"00a570272e671a8fad94ffe0927a04c1bfc4110e","---------------------------"
"1-70%.txt"
"rouge","0.32625","0.32625","0.0","same"
"word","0"
"1-80%.txt"
"rouge","0.36697","0.36697","0.0","same"
"word","0"
"1-85%.txt"
"rouge","0.375","0.375","0.0","same"
"word","0"
"1-90%.txt"
"rouge","0.425","0.425","0.0","same"
"word","0"
"1-95%.txt"
"rouge","0.26666","0.26666","0.0","same"
"word","0"
"2-70%.txt"
"rouge","0.32625","0.32625","0.0","same"
"word","0"
"2-80%.txt"
"rouge","0.36697","0.36697","0.0","same"
"word","0"
"2-85%.txt"
"rouge","0.375","0.375","0.0","same"
"word","0"
"2-90%.txt"
"rouge","0.425","0.425","0.0","same"
"word","0"
"2-95%.txt"
"rouge","0.26666","0.26666","0.0","same"
"word","0"
"3-70%.txt"
"rouge","0.32625","0.32625","0.0","same"
"word","0"
"3-80%.txt"
"rouge","0.36697","0.36697","0.0","same"
"word","0"
"3-85%.txt"
"rouge","0.375","0.375","0.0","same"
"word","0"
"3-90%.txt"
"rouge","0.425","0.425","0.0","same"
"word","0"
"3-95%.txt"
"rouge","0.26666","0.26666","0.0","same"
"word","0"
"4-70%.txt"
"rouge","0.32625","0.32625","0.0","same"
"word","0"
"4-80%.txt"
"rouge","0.36697","0.36697","0.0","same"
"word","0"
"4-85%.txt"
"rouge","0.375","0.375","0.0","same"
"word","0"
"4-90%.txt"
"rouge","0.425","0.425","0.0","same"
"word","0"
"4-95%.txt"
"rouge","0.26666","0.26666","0.0","same"
"word","0"
"5-70%.txt"
"rouge","0.32625","0.31206","0.01418999999999998","down"
"word","12"
"Turkey's","bomb's","dig- wsd-"
"pushing","push","dig- wsd-"
"lift","rise","dig+ wsd-"
"concern","care","dig- wsd-"
"Turkey's","bomb's","dig- wsd-"
"concern","worry","dig- wsd-"
"Turkey's","bomb's","dig- wsd-"
"allowing","let","dig- wsd-"
"Turkey's","bomb's","dig- wsd-"
"Turkey's","bomb's","dig- wsd-"
"constitution","Constitution","dig- wsd-"
"Turkey's","bomb's","dig- wsd-"
"5-80%.txt"
"rouge","0.36697","0.34862","0.018350000000000033","down"
"word","7"
"concern","worry","dig- wsd-"
"Turkey's","bomb's","dig- wsd-"
"allowing","let","dig- wsd-"
"Turkey's","bomb's","dig- wsd-"
"Turkey's","bomb's","dig- wsd-"
"constitution","Constitution","dig- wsd-"
"Turkey's","bomb's","dig- wsd-"
"5-85%.txt"
"rouge","0.375","0.33334","0.041659999999999975","down"
"word","7"
"concern","worry","dig- wsd-"
"Turkey's","bomb's","dig- wsd-"
"allowing","let","dig- wsd-"
"Turkey's","bomb's","dig- wsd-"
"Turkey's","bomb's","dig- wsd-"
"constitution","Constitution","dig- wsd-"
"Turkey's","bomb's","dig- wsd-"
"5-90%.txt"
"rouge","0.425","0.375","0.04999999999999999","down"
"word","5"
"concern","worry","dig- wsd-"
"Turkey's","bomb's","dig- wsd-"
"Turkey's","bomb's","dig- wsd-"
"constitution","Constitution","dig- wsd-"
"Turkey's","bomb's","dig- wsd-"
"5-95%.txt"
"rouge","0.26666","0.19999","0.06667000000000001","down"
"word","3"
"Turkey's","bomb's","dig- wsd-"
"constitution","Constitution","dig- wsd-"
"Turkey's","bomb's","dig- wsd-"

"00a57bef588a7e7efd0438fba62f07356c59b036","---------------------------"
"1-70%.txt"
"rouge","0.37607","0.37607","0.0","same"
"word","1"
"gastrointestinal","GI","dig- wsd-"
"1-80%.txt"
"rouge","0.33334","0.33334","0.0","same"
"word","0"
"1-85%.txt"
"rouge","0.38235","0.38235","0.0","same"
"word","0"
"1-90%.txt"
"rouge","0.44828","0.44828","0.0","same"
"word","0"
"1-95%.txt"
"rouge","0.09303","0.09303","0.0","same"
"word","0"
"2-70%.txt"
"rouge","0.37607","0.37607","0.0","same"
"word","1"
"gastrointestinal","GI","dig- wsd-"
"2-80%.txt"
"rouge","0.33334","0.33334","0.0","same"
"word","0"
"2-85%.txt"
"rouge","0.38235","0.38235","0.0","same"
"word","0"
"2-90%.txt"
"rouge","0.44828","0.44828","0.0","same"
"word","0"
"2-95%.txt"
"rouge","0.09303","0.09303","0.0","same"
"word","0"
"3-70%.txt"
"rouge","0.37607","0.37607","0.0","same"
"word","1"
"gastrointestinal","GI","dig- wsd-"
"3-80%.txt"
"rouge","0.33334","0.33334","0.0","same"
"word","0"
"3-85%.txt"
"rouge","0.38235","0.38235","0.0","same"
"word","0"
"3-90%.txt"
"rouge","0.44828","0.44828","0.0","same"
"word","0"
"3-95%.txt"
"rouge","0.09303","0.09303","0.0","same"
"word","0"
"4-70%.txt"
"rouge","0.37607","0.35898","0.017089999999999994","down"
"word","4"
"according","agree","dig- wsd-"
"gastrointestinal","GI","dig- wsd-"
"vomiting","sick","dig- wsd-"
"according","agree","dig- wsd-"
"4-80%.txt"
"rouge","0.33334","0.33334","0.0","same"
"word","1"
"according","agree","dig- wsd-"
"4-85%.txt"
"rouge","0.38235","0.38235","0.0","same"
"word","1"
"according","agree","dig- wsd-"
"4-90%.txt"
"rouge","0.44828","0.44828","0.0","same"
"word","1"
"according","agree","dig- wsd-"
"4-95%.txt"
"rouge","0.09303","0.09303","0.0","same"
"word","0"
"5-70%.txt"
"rouge","0.37607","0.35898","0.017089999999999994","down"
"word","7"
"according","agree","dig- wsd-"
"cruise","sail","dig- wsd-"
"gastrointestinal","GI","dig- wsd-"
"vomiting","sick","dig- wsd-"
"confirmed","confirm","dig- wsd+"
"according","agree","dig- wsd-"
"Cruises","sail","dig- wsd-"
"5-80%.txt"
"rouge","0.33334","0.33334","0.0","same"
"word","6"
"cruise","sail","dig- wsd-"
"confirmed","confirm","dig- wsd+"
"according","agree","dig- wsd-"
"Cruises","sail","dig- wsd-"
"floating","float","dig- wsd-"
"dishes?","beauty?","dig- wsd-"
"5-85%.txt"
"rouge","0.38235","0.38235","0.0","same"
"word","4"
"cruise","sail","dig- wsd-"
"confirmed","confirm","dig- wsd+"
"according","agree","dig- wsd-"
"Cruises","sail","dig- wsd-"
"5-90%.txt"
"rouge","0.44828","0.44828","0.0","same"
"word","3"
"confirmed","confirm","dig- wsd+"
"according","agree","dig- wsd-"
"Cruises","sail","dig- wsd-"
"5-95%.txt"
"rouge","0.09303","0.09303","0.0","same"
"word","2"
"floating","float","dig- wsd-"
"dishes?","beauty?","dig- wsd-"

"00a6c0823ba92e5a055d90133e8b66fa9028c2d7","---------------------------"
"1-70%.txt"
"rouge","0.1896","0.1896","0.0","same"
"word","2"
"roadblocks","barricade","dig- wsd-"
"demonstrators","protester","dig- wsd-"
"1-80%.txt"
"rouge","0.19742","0.19742","0.0","same"
"word","1"
"demonstrators","protester","dig- wsd-"
"1-85%.txt"
"rouge","0.22826","0.22826","0.0","same"
"word","1"
"demonstrators","protester","dig- wsd-"
"1-90%.txt"
"rouge","0.20588","0.20588","0.0","same"
"word","1"
"demonstrators","protester","dig- wsd-"
"1-95%.txt"
"rouge","0.21177","0.21177","0.0","same"
"word","0"
"2-70%.txt"
"rouge","0.1896","0.1896","0.0","same"
"word","2"
"roadblocks","barricade","dig- wsd-"
"demonstrators","protester","dig- wsd-"
"2-80%.txt"
"rouge","0.19742","0.19742","0.0","same"
"word","1"
"demonstrators","protester","dig- wsd-"
"2-85%.txt"
"rouge","0.22826","0.22826","0.0","same"
"word","1"
"demonstrators","protester","dig- wsd-"
"2-90%.txt"
"rouge","0.20588","0.20588","0.0","same"
"word","1"
"demonstrators","protester","dig- wsd-"
"2-95%.txt"
"rouge","0.21177","0.21177","0.0","same"
"word","0"
"3-70%.txt"
"rouge","0.1896","0.1896","0.0","same"
"word","2"
"roadblocks","barricade","dig- wsd-"
"demonstrators","protester","dig- wsd-"
"3-80%.txt"
"rouge","0.19742","0.19742","0.0","same"
"word","1"
"demonstrators","protester","dig- wsd-"
"3-85%.txt"
"rouge","0.22826","0.22826","0.0","same"
"word","1"
"demonstrators","protester","dig- wsd-"
"3-90%.txt"
"rouge","0.20588","0.20588","0.0","same"
"word","1"
"demonstrators","protester","dig- wsd-"
"3-95%.txt"
"rouge","0.21177","0.21177","0.0","same"
"word","0"
"4-70%.txt"
"rouge","0.1896","0.18349","0.006110000000000004","down"
"word","11"
"imposed","levy","dig- wsd-"
"exploded","explode","dig- wsd-"
"injuring","wound","dig- wsd-"
"militants","activist","dig- wsd-"
"roadblocks","barricade","dig- wsd-"
"rally","exchange","dig- wsd-"
"wielding","handle","dig- wsd-"
"batons","billy","dig- wsd-"
"demonstrators","protester","dig- wsd-"
"casing","case","dig- wsd-"
"circumstances","setting","dig- wsd-"
"4-80%.txt"
"rouge","0.19742","0.19742","0.0","same"
"word","7"
"exploded","explode","dig- wsd-"
"injuring","wound","dig- wsd-"
"rally","exchange","dig- wsd-"
"wielding","handle","dig- wsd-"
"batons","billy","dig- wsd-"
"demonstrators","protester","dig- wsd-"
"casing","case","dig- wsd-"
"4-85%.txt"
"rouge","0.22826","0.22826","0.0","same"
"word","7"
"exploded","explode","dig- wsd-"
"injuring","wound","dig- wsd-"
"rally","exchange","dig- wsd-"
"wielding","handle","dig- wsd-"
"batons","billy","dig- wsd-"
"demonstrators","protester","dig- wsd-"
"casing","case","dig- wsd-"
"4-90%.txt"
"rouge","0.20588","0.20588","0.0","same"
"word","7"
"exploded","explode","dig- wsd-"
"injuring","wound","dig- wsd-"
"rally","exchange","dig- wsd-"
"wielding","handle","dig- wsd-"
"batons","billy","dig- wsd-"
"demonstrators","protester","dig- wsd-"
"casing","case","dig- wsd-"
"4-95%.txt"
"rouge","0.21177","0.21177","0.0","same"
"word","2"
"exploded","explode","dig- wsd-"
"injuring","wound","dig- wsd-"
"5-70%.txt"
"rouge","0.1896","0.18349","0.006110000000000004","down"
"word","24"
"shot","shoot","dig- wsd-"
"continuing","stay","dig- wsd-"
"website","site","dig- wsd-"
"imposed","levy","dig- wsd-"
"target","place","dig- wsd-"
"exploded","explode","dig- wsd-"
"injuring","wound","dig- wsd-"
"militants","activist","dig- wsd-"
"operation","process","dig- wsd-"
"roadblocks","barricade","dig- wsd-"
"investigating","investigate","dig- wsd-"
"blast,","blow,","dig- wsd-"
"rally","exchange","dig- wsd-"
"wielding","handle","dig- wsd-"
"batons","billy","dig- wsd-"
"demonstrators","protester","dig- wsd-"
"shortly","soon","dig- wsd-"
"parading","parade","dig- wsd-"
"bullet","smoke","dig- wsd-"
"casing","case","dig- wsd-"
"scene","view","dig- wsd-"
"unit","whole","dig- wsd-"
"determine","set","dig- wsd-"
"circumstances","setting","dig- wsd-"
"5-80%.txt"
"rouge","0.19742","0.19742","0.0","same"
"word","16"
"shot","shoot","dig- wsd-"
"continuing","stay","dig- wsd-"
"website","site","dig- wsd-"
"exploded","explode","dig- wsd-"
"injuring","wound","dig- wsd-"
"investigating","investigate","dig- wsd-"
"blast,","blow,","dig- wsd-"
"rally","exchange","dig- wsd-"
"wielding","handle","dig- wsd-"
"batons","billy","dig- wsd-"
"demonstrators","protester","dig- wsd-"
"shortly","soon","dig- wsd-"
"parading","parade","dig- wsd-"
"bullet","smoke","dig- wsd-"
"casing","case","dig- wsd-"
"scene","view","dig- wsd-"
"5-85%.txt"
"rouge","0.22826","0.22826","0.0","same"
"word","14"
"shot","shoot","dig- wsd-"
"continuing","stay","dig- wsd-"
"website","site","dig- wsd-"
"exploded","explode","dig- wsd-"
"injuring","wound","dig- wsd-"
"investigating","investigate","dig- wsd-"
"blast,","blow,","dig- wsd-"
"rally","exchange","dig- wsd-"
"wielding","handle","dig- wsd-"
"batons","billy","dig- wsd-"
"demonstrators","protester","dig- wsd-"
"bullet","smoke","dig- wsd-"
"casing","case","dig- wsd-"
"scene","view","dig- wsd-"
"5-90%.txt"
"rouge","0.20588","0.20588","0.0","same"
"word","11"
"exploded","explode","dig- wsd-"
"injuring","wound","dig- wsd-"
"investigating","investigate","dig- wsd-"
"blast,","blow,","dig- wsd-"
"rally","exchange","dig- wsd-"
"wielding","handle","dig- wsd-"
"batons","billy","dig- wsd-"
"demonstrators","protester","dig- wsd-"
"bullet","smoke","dig- wsd-"
"casing","case","dig- wsd-"
"scene","view","dig- wsd-"
"5-95%.txt"
"rouge","0.21177","0.21177","0.0","same"
"word","4"
"exploded","explode","dig- wsd-"
"injuring","wound","dig- wsd-"
"investigating","investigate","dig- wsd-"
"blast,","blow,","dig- wsd-"

"00a7132b9c9a646852ac4a606acb71e3a6acb8c6","---------------------------"
"1-70%.txt"
"rouge","0.31111","0.31111","0.0","same"
"word","0"
"1-80%.txt"
"rouge","0.12121","0.12121","0.0","same"
"word","0"
"1-85%.txt"
"rouge","0.3871","0.3871","0.0","same"
"word","0"
"1-90%.txt"
"rouge","0.21818","0.21818","0.0","same"
"word","0"
"1-95%.txt"
"rouge","0.21739","0.21739","0.0","same"
"word","0"
"2-70%.txt"
"rouge","0.31111","0.31111","0.0","same"
"word","0"
"2-80%.txt"
"rouge","0.12121","0.12121","0.0","same"
"word","0"
"2-85%.txt"
"rouge","0.3871","0.3871","0.0","same"
"word","0"
"2-90%.txt"
"rouge","0.21818","0.21818","0.0","same"
"word","0"
"2-95%.txt"
"rouge","0.21739","0.21739","0.0","same"
"word","0"
"3-70%.txt"
"rouge","0.31111","0.31111","0.0","same"
"word","0"
"3-80%.txt"
"rouge","0.12121","0.12121","0.0","same"
"word","0"
"3-85%.txt"
"rouge","0.3871","0.3871","0.0","same"
"word","0"
"3-90%.txt"
"rouge","0.21818","0.21818","0.0","same"
"word","0"
"3-95%.txt"
"rouge","0.21739","0.21739","0.0","same"
"word","0"
"4-70%.txt"
"rouge","0.31111","0.31111","0.0","same"
"word","0"
"4-80%.txt"
"rouge","0.12121","0.12121","0.0","same"
"word","0"
"4-85%.txt"
"rouge","0.3871","0.3871","0.0","same"
"word","0"
"4-90%.txt"
"rouge","0.21818","0.21818","0.0","same"
"word","1"
"appreciation","taste","dig- wsd-"
"4-95%.txt"
"rouge","0.21739","0.21739","0.0","same"
"word","0"
"5-70%.txt"
"rouge","0.31111","0.28889","0.022220000000000018","down"
"word","5"
"fell","fall","dig- wsd+"
"billion","million","dig+ wsd-"
"billion)","million)","dig- wsd-"
"billion","million","dig+ wsd-"
"decreased","decrease","dig- wsd-"
"5-80%.txt"
"rouge","0.12121","0.09091","0.030299999999999994","down"
"word","4"
"fell","fall","dig- wsd+"
"billion","million","dig+ wsd-"
"billion)","million)","dig- wsd-"
"billion","million","dig+ wsd-"
"5-85%.txt"
"rouge","0.3871","0.3871","0.0","same"
"word","1"
"decreased","decrease","dig- wsd-"
"5-90%.txt"
"rouge","0.21818","0.21818","0.0","same"
"word","3"
"decreased","decrease","dig- wsd-"
"appreciation","taste","dig- wsd-"
"profits","gain","dig- wsd-"
"5-95%.txt"
"rouge","0.21739","0.21739","0.0","same"
"word","1"
"decreased","decrease","dig- wsd-"

"00a79ca59be700e845bf9e90bf08c5106b4a72bb","---------------------------"
"1-70%.txt"
"rouge","0.20652","0.20652","0.0","same"
"word","2"
"Sculpting","grave","dig- wsd-"
"Comprising","contain","dig- wsd-"
"1-80%.txt"
"rouge","0.26053","0.26053","0.0","same"
"word","1"
"Comprising","contain","dig- wsd-"
"1-85%.txt"
"rouge","0.30392","0.30392","0.0","same"
"word","1"
"Comprising","contain","dig- wsd-"
"1-90%.txt"
"rouge","0.36242","0.36242","0.0","same"
"word","0"
"1-95%.txt"
"rouge","0.38","0.38","0.0","same"
"word","1"
"Sculpting","grave","dig- wsd-"
"2-70%.txt"
"rouge","0.20652","0.20652","0.0","same"
"word","2"
"Sculpting","grave","dig- wsd-"
"Comprising","contain","dig- wsd-"
"2-80%.txt"
"rouge","0.26053","0.26053","0.0","same"
"word","1"
"Comprising","contain","dig- wsd-"
"2-85%.txt"
"rouge","0.30392","0.30392","0.0","same"
"word","1"
"Comprising","contain","dig- wsd-"
"2-90%.txt"
"rouge","0.36242","0.36242","0.0","same"
"word","0"
"2-95%.txt"
"rouge","0.38","0.38","0.0","same"
"word","1"
"Sculpting","grave","dig- wsd-"
"3-70%.txt"
"rouge","0.20652","0.20652","0.0","same"
"word","2"
"Sculpting","grave","dig- wsd-"
"Comprising","contain","dig- wsd-"
"3-80%.txt"
"rouge","0.26053","0.26053","0.0","same"
"word","1"
"Comprising","contain","dig- wsd-"
"3-85%.txt"
"rouge","0.30392","0.30392","0.0","same"
"word","1"
"Comprising","contain","dig- wsd-"
"3-90%.txt"
"rouge","0.36242","0.36242","0.0","same"
"word","0"
"3-95%.txt"
"rouge","0.38","0.38","0.0","same"
"word","1"
"Sculpting","grave","dig- wsd-"
"4-70%.txt"
"rouge","0.20652","0.20652","0.0","same"
"word","9"
"overthrow","upset","dig- wsd-"
"researcher","investigator","dig- wsd-"
"significance","import","dig- wsd+"
"Intrigued","scheme","dig- wsd-"
"Sculpting","grave","dig- wsd-"
"mathematics,","math,","dig- wsd-"
"Comprising","contain","dig- wsd-"
"vastly","immensely","dig- wsd-"
"safeguarded,","safeguard,","dig- wsd-"
"4-80%.txt"
"rouge","0.26053","0.26053","0.0","same"
"word","5"
"Intrigued","scheme","dig- wsd-"
"mathematics,","math,","dig- wsd-"
"Comprising","contain","dig- wsd-"
"vastly","immensely","dig- wsd-"
"safeguarded,","safeguard,","dig- wsd-"
"4-85%.txt"
"rouge","0.30392","0.30392","0.0","same"
"word","4"
"mathematics,","math,","dig- wsd-"
"Comprising","contain","dig- wsd-"
"vastly","immensely","dig- wsd-"
"safeguarded,","safeguard,","dig- wsd-"
"4-90%.txt"
"rouge","0.36242","0.36242","0.0","same"
"word","2"
"mathematics,","math,","dig- wsd-"
"vastly","immensely","dig- wsd-"
"4-95%.txt"
"rouge","0.38","0.38","0.0","same"
"word","2"
"Sculpting","grave","dig- wsd-"
"mathematics,","math,","dig- wsd-"
"5-70%.txt"
"rouge","0.20652","0.20652","0.0","same"
"word","22"
"overthrow","upset","dig- wsd-"
"researcher","investigator","dig- wsd-"
"significance","import","dig- wsd+"
"Intrigued","scheme","dig- wsd-"
"drawn","draw","dig- wsd-"
"hundreds","100","dig- wsd-"
"thousands","M","dig- wsd-"
"murdered","off","dig- wsd-"
"Sculpting","grave","dig- wsd-"
"saints","angel","dig- wsd-"
"buried","swallow","dig- wsd-"
"referring","refer","dig- wsd-"
"mathematics,","math,","dig- wsd-"
"produced,","produce,","dig- wsd-"
"unit","whole","dig- wsd-"
"Comprising","contain","dig- wsd-"
"component","part","dig- wsd-"
"estimated","guess","dig- wsd-"
"hundreds","100","dig- wsd-"
"thousands","M","dig- wsd-"
"vastly","immensely","dig- wsd-"
"safeguarded,","safeguard,","dig- wsd-"
"5-80%.txt"
"rouge","0.26053","0.26053","0.0","same"
"word","18"
"Intrigued","scheme","dig- wsd-"
"drawn","draw","dig- wsd-"
"hundreds","100","dig- wsd-"
"thousands","M","dig- wsd-"
"murdered","off","dig- wsd-"
"saints","angel","dig- wsd-"
"buried","swallow","dig- wsd-"
"referring","refer","dig- wsd-"
"mathematics,","math,","dig- wsd-"
"produced,","produce,","dig- wsd-"
"unit","whole","dig- wsd-"
"Comprising","contain","dig- wsd-"
"component","part","dig- wsd-"
"estimated","guess","dig- wsd-"
"hundreds","100","dig- wsd-"
"thousands","M","dig- wsd-"
"vastly","immensely","dig- wsd-"
"safeguarded,","safeguard,","dig- wsd-"
"5-85%.txt"
"rouge","0.30392","0.30392","0.0","same"
"word","13"
"saints","angel","dig- wsd-"
"buried","swallow","dig- wsd-"
"referring","refer","dig- wsd-"
"mathematics,","math,","dig- wsd-"
"produced,","produce,","dig- wsd-"
"unit","whole","dig- wsd-"
"Comprising","contain","dig- wsd-"
"component","part","dig- wsd-"
"estimated","guess","dig- wsd-"
"hundreds","100","dig- wsd-"
"thousands","M","dig- wsd-"
"vastly","immensely","dig- wsd-"
"safeguarded,","safeguard,","dig- wsd-"
"5-90%.txt"
"rouge","0.36242","0.36242","0.0","same"
"word","7"
"saints","angel","dig- wsd-"
"buried","swallow","dig- wsd-"
"referring","refer","dig- wsd-"
"mathematics,","math,","dig- wsd-"
"produced,","produce,","dig- wsd-"
"unit","whole","dig- wsd-"
"vastly","immensely","dig- wsd-"
"5-95%.txt"
"rouge","0.38","0.38","0.0","same"
"word","5"
"Sculpting","grave","dig- wsd-"
"referring","refer","dig- wsd-"
"mathematics,","math,","dig- wsd-"
"produced,","produce,","dig- wsd-"
"unit","whole","dig- wsd-"

"00a7e6767322697aa9236e2135aecc9785c6b410","---------------------------"
"1-70%.txt"
"rouge","0.15663","0.15663","0.0","same"
"word","0"
"1-80%.txt"
"rouge","0.1631","0.1631","0.0","same"
"word","1"
"laymen","secular","dig- wsd-"
"1-85%.txt"
"rouge","0.19672","0.19672","0.0","same"
"word","1"
"laymen","secular","dig- wsd-"
"1-90%.txt"
"rouge","0.26866","0.26866","0.0","same"
"word","0"
"1-95%.txt"
"rouge","0.30233","0.30233","0.0","same"
"word","0"
"2-70%.txt"
"rouge","0.15663","0.15663","0.0","same"
"word","0"
"2-80%.txt"
"rouge","0.1631","0.1631","0.0","same"
"word","1"
"laymen","secular","dig- wsd-"
"2-85%.txt"
"rouge","0.19672","0.19672","0.0","same"
"word","1"
"laymen","secular","dig- wsd-"
"2-90%.txt"
"rouge","0.26866","0.26866","0.0","same"
"word","0"
"2-95%.txt"
"rouge","0.30233","0.30233","0.0","same"
"word","0"
"3-70%.txt"
"rouge","0.15663","0.15663","0.0","same"
"word","0"
"3-80%.txt"
"rouge","0.1631","0.1631","0.0","same"
"word","1"
"laymen","secular","dig- wsd-"
"3-85%.txt"
"rouge","0.19672","0.19672","0.0","same"
"word","1"
"laymen","secular","dig- wsd-"
"3-90%.txt"
"rouge","0.26866","0.26866","0.0","same"
"word","0"
"3-95%.txt"
"rouge","0.30233","0.30233","0.0","same"
"word","0"
"4-70%.txt"
"rouge","0.15663","0.15663","0.0","same"
"word","4"
"anguish","torture","dig- wsd-"
"scattered","spread","dig- wsd-"
"iceberg","berg","dig- wsd-"
"limitations","restriction","dig- wsd-"
"4-80%.txt"
"rouge","0.1631","0.1631","0.0","same"
"word","1"
"laymen","secular","dig- wsd-"
"4-85%.txt"
"rouge","0.19672","0.19672","0.0","same"
"word","1"
"laymen","secular","dig- wsd-"
"4-90%.txt"
"rouge","0.26866","0.26866","0.0","same"
"word","0"
"4-95%.txt"
"rouge","0.30233","0.30233","0.0","same"
"word","1"
"misleading","mislead","dig- wsd-"
"5-70%.txt"
"rouge","0.15663","0.15249","0.004140000000000005","down"
"word","22"
"his","how-do-you-do","dig- wsd-"
"proven","show","dig- wsd-"
"warned","warn","dig- wsd-"
"customers","client","dig- wsd-"
"received","have","dig- wsd-"
"anguish","torture","dig- wsd-"
"procedures","function","dig- wsd-"
"opponents","opposition","dig- wsd-"
"identified","name","dig- wsd-"
"gene","factor","dig- wsd-"
"scattered","spread","dig- wsd-"
"tip","lead","dig- wsd-"
"iceberg","berg","dig- wsd-"
"upside","top","dig- wsd-"
"generated","generate","dig- wsd-"
"limitations","restriction","dig- wsd-"
"prove","show","dig- wsd-"
"ability","power","dig- wsd+"
"suffer","lose","dig- wsd-"
"disability,","dispower,","dig- wsd-"
"his","how-do-you-do","dig- wsd-"
"his","how-do-you-do","dig- wsd-"
"5-80%.txt"
"rouge","0.1631","0.159","0.0040999999999999925","down"
"word","9"
"his","how-do-you-do","dig- wsd-"
"opponents","opposition","dig- wsd-"
"identified","name","dig- wsd-"
"gene","factor","dig- wsd-"
"upside","top","dig- wsd-"
"generated","generate","dig- wsd-"
"trained","train","dig- wsd-"
"laymen","secular","dig- wsd-"
"his","how-do-you-do","dig- wsd-"
"5-85%.txt"
"rouge","0.19672","0.19672","0.0","same"
"word","7"
"opponents","opposition","dig- wsd-"
"identified","name","dig- wsd-"
"gene","factor","dig- wsd-"
"upside","top","dig- wsd-"
"generated","generate","dig- wsd-"
"trained","train","dig- wsd-"
"laymen","secular","dig- wsd-"
"5-90%.txt"
"rouge","0.26866","0.26866","0.0","same"
"word","4"
"identified","name","dig- wsd-"
"gene","factor","dig- wsd-"
"upside","top","dig- wsd-"
"generated","generate","dig- wsd-"
"5-95%.txt"
"rouge","0.30233","0.30233","0.0","same"
"word","3"
"identified","name","dig- wsd-"
"gene","factor","dig- wsd-"
"misleading","mislead","dig- wsd-"

"00a9a975bde07882d77b6fc4382589791b92ef00","---------------------------"
"1-70%.txt"
"rouge","0.2","0.2","0.0","same"
"word","1"
"Aragones'","Aragon'","dig- wsd-"
"1-80%.txt"
"rouge","0.21989","0.21989","0.0","same"
"word","0"
"1-85%.txt"
"rouge","0.23377","0.23377","0.0","same"
"word","0"
"1-90%.txt"
"rouge","0.2439","0.2439","0.0","same"
"word","0"
"1-95%.txt"
"rouge","0.24719","0.24719","0.0","same"
"word","0"
"2-70%.txt"
"rouge","0.2","0.2","0.0","same"
"word","1"
"Aragones'","Aragon'","dig- wsd-"
"2-80%.txt"
"rouge","0.21989","0.21989","0.0","same"
"word","0"
"2-85%.txt"
"rouge","0.23377","0.23377","0.0","same"
"word","0"
"2-90%.txt"
"rouge","0.2439","0.2439","0.0","same"
"word","0"
"2-95%.txt"
"rouge","0.24719","0.24719","0.0","same"
"word","0"
"3-70%.txt"
"rouge","0.2","0.2","0.0","same"
"word","1"
"Aragones'","Aragon'","dig- wsd-"
"3-80%.txt"
"rouge","0.21989","0.21989","0.0","same"
"word","0"
"3-85%.txt"
"rouge","0.23377","0.23377","0.0","same"
"word","0"
"3-90%.txt"
"rouge","0.2439","0.2439","0.0","same"
"word","0"
"3-95%.txt"
"rouge","0.24719","0.24719","0.0","same"
"word","0"
"4-70%.txt"
"rouge","0.2","0.2077","-0.007699999999999985","up"
"word","5"
"Aragones'","Aragon'","dig- wsd-"
"appreciation","taste","dig- wsd-"
"fined","fin","dig- wsd-"
"subsequently","after","dig- wsd+"
"appreciation","taste","dig- wsd-"
"4-80%.txt"
"rouge","0.21989","0.23036","-0.010470000000000007","up"
"word","3"
"fined","fin","dig- wsd-"
"subsequently","after","dig- wsd+"
"appreciation","taste","dig- wsd-"
"4-85%.txt"
"rouge","0.23377","0.23377","0.0","same"
"word","1"
"foremost","first","dig- wsd-"
"4-90%.txt"
"rouge","0.2439","0.2439","0.0","same"
"word","0"
"4-95%.txt"
"rouge","0.24719","0.24719","0.0","same"
"word","0"
"5-70%.txt"
"rouge","0.2","0.19772","0.0022800000000000042","down"
"word","20"
"observe","note","dig- wsd-"
"minute's","second's","dig- wsd-"
"silence","quiet","dig- wsd-"
"his","how-do-you-do","dig- wsd-"
"Aragones'","Aragon'","dig- wsd-"
"appreciation","taste","dig- wsd-"
"developed","develop","dig- wsd-"
"borne","wear","dig- wsd-"
"selected","take","dig- wsd-"
"fined","fin","dig- wsd-"
"ruling","opinion","dig- wsd-"
"subsequently","after","dig- wsd+"
"apologized","excuse","dig- wsd-"
"insisting","insist","dig- wsd-"
"intended","mean","dig- wsd-"
"appreciation","taste","dig- wsd-"
"website","site","dig- wsd-"
"decade","10","dig- wsd-"
"recently","late","dig- wsd-"
"guided","point","dig- wsd-"
"5-80%.txt"
"rouge","0.21989","0.2165","0.003390000000000004","down"
"word","13"
"observe","note","dig- wsd-"
"minute's","second's","dig- wsd-"
"silence","quiet","dig- wsd-"
"his","how-do-you-do","dig- wsd-"
"fined","fin","dig- wsd-"
"ruling","opinion","dig- wsd-"
"subsequently","after","dig- wsd+"
"apologized","excuse","dig- wsd-"
"insisting","insist","dig- wsd-"
"intended","mean","dig- wsd-"
"appreciation","taste","dig- wsd-"
"website","site","dig- wsd-"
"guided","point","dig- wsd-"
"5-85%.txt"
"rouge","0.23377","0.21656","0.017210000000000003","down"
"word","6"
"observe","note","dig- wsd-"
"minute's","second's","dig- wsd-"
"silence","quiet","dig- wsd-"
"his","how-do-you-do","dig- wsd-"
"guided","point","dig- wsd-"
"foremost","first","dig- wsd-"
"5-90%.txt"
"rouge","0.2439","0.22222","0.021680000000000005","down"
"word","5"
"observe","note","dig- wsd-"
"minute's","second's","dig- wsd-"
"silence","quiet","dig- wsd-"
"his","how-do-you-do","dig- wsd-"
"guided","point","dig- wsd-"
"5-95%.txt"
"rouge","0.24719","0.24719","0.0","same"
"word","1"
"guided","point","dig- wsd-"

"00aa8e3ba59f5fe71a096a5549f80faece10aa83","---------------------------"
"1-70%.txt"
"rouge","0.34146","0.31707","0.024389999999999967","down"
"word","2"
"kilometers)","km)","dig- wsd-"
"cosmonauts","astronaut","dig- wsd+"
"1-80%.txt"
"rouge","0.21212","0.21212","0.0","same"
"word","0"
"1-85%.txt"
"rouge","0.11538","0.11538","0.0","same"
"word","0"
"1-90%.txt"
"rouge","0.22727","0.22727","0.0","same"
"word","0"
"1-95%.txt"
"rouge","0.17647","0.17647","0.0","same"
"word","0"
"2-70%.txt"
"rouge","0.34146","0.31707","0.024389999999999967","down"
"word","2"
"kilometers)","km)","dig- wsd-"
"cosmonauts","astronaut","dig- wsd+"
"2-80%.txt"
"rouge","0.21212","0.21212","0.0","same"
"word","0"
"2-85%.txt"
"rouge","0.11538","0.11538","0.0","same"
"word","0"
"2-90%.txt"
"rouge","0.22727","0.22727","0.0","same"
"word","0"
"2-95%.txt"
"rouge","0.17647","0.17647","0.0","same"
"word","0"
"3-70%.txt"
"rouge","0.34146","0.31707","0.024389999999999967","down"
"word","2"
"kilometers)","km)","dig- wsd-"
"cosmonauts","astronaut","dig- wsd+"
"3-80%.txt"
"rouge","0.21212","0.21212","0.0","same"
"word","0"
"3-85%.txt"
"rouge","0.11538","0.11538","0.0","same"
"word","0"
"3-90%.txt"
"rouge","0.22727","0.22727","0.0","same"
"word","0"
"3-95%.txt"
"rouge","0.17647","0.17647","0.0","same"
"word","0"
"4-70%.txt"
"rouge","0.34146","0.31707","0.024389999999999967","down"
"word","2"
"kilometers)","km)","dig- wsd-"
"cosmonauts","astronaut","dig- wsd+"
"4-80%.txt"
"rouge","0.21212","0.21212","0.0","same"
"word","0"
"4-85%.txt"
"rouge","0.11538","0.11538","0.0","same"
"word","0"
"4-90%.txt"
"rouge","0.22727","0.22727","0.0","same"
"word","0"
"4-95%.txt"
"rouge","0.17647","0.17647","0.0","same"
"word","0"
"5-70%.txt"
"rouge","0.34146","0.31707","0.024389999999999967","down"
"word","4"
"craft","trade","dig- wsd-"
"Saturday,","Sat,","dig- wsd-"
"kilometers)","km)","dig- wsd-"
"cosmonauts","astronaut","dig- wsd+"
"5-80%.txt"
"rouge","0.21212","0.21212","0.0","same"
"word","0"
"5-85%.txt"
"rouge","0.11538","0.11538","0.0","same"
"word","0"
"5-90%.txt"
"rouge","0.22727","0.22727","0.0","same"
"word","0"
"5-95%.txt"
"rouge","0.17647","0.17647","0.0","same"
"word","0"

"00aafe70cc9129b3215b62c161d5692164a07494","---------------------------"
"1-70%.txt"
"rouge","0.18749","0.18749","0.0","same"
"word","3"
"teammate","mate","dig- wsd-"
"teammate","mate","dig- wsd-"
"chagrin","humiliation","dig- wsd-"
"1-80%.txt"
"rouge","0.24354","0.24354","0.0","same"
"word","1"
"chagrin","humiliation","dig- wsd-"
"1-85%.txt"
"rouge","0.25352","0.25352","0.0","same"
"word","0"
"1-90%.txt"
"rouge","0.34394","0.34394","0.0","same"
"word","0"
"1-95%.txt"
"rouge","0.24243","0.24243","0.0","same"
"word","0"
"2-70%.txt"
"rouge","0.18749","0.18749","0.0","same"
"word","3"
"teammate","mate","dig- wsd-"
"teammate","mate","dig- wsd-"
"chagrin","humiliation","dig- wsd-"
"2-80%.txt"
"rouge","0.24354","0.24354","0.0","same"
"word","1"
"chagrin","humiliation","dig- wsd-"
"2-85%.txt"
"rouge","0.25352","0.25352","0.0","same"
"word","0"
"2-90%.txt"
"rouge","0.34394","0.34394","0.0","same"
"word","0"
"2-95%.txt"
"rouge","0.24243","0.24243","0.0","same"
"word","0"
"3-70%.txt"
"rouge","0.18749","0.18749","0.0","same"
"word","3"
"teammate","mate","dig- wsd-"
"teammate","mate","dig- wsd-"
"chagrin","humiliation","dig- wsd-"
"3-80%.txt"
"rouge","0.24354","0.24354","0.0","same"
"word","1"
"chagrin","humiliation","dig- wsd-"
"3-85%.txt"
"rouge","0.25352","0.25352","0.0","same"
"word","0"
"3-90%.txt"
"rouge","0.34394","0.34394","0.0","same"
"word","0"
"3-95%.txt"
"rouge","0.24243","0.24243","0.0","same"
"word","0"
"4-70%.txt"
"rouge","0.18749","0.18749","0.0","same"
"word","7"
"departure","going","dig- wsd-"
"teammate","mate","dig- wsd-"
"finale","last","dig- wsd-"
"endured","last","dig- wsd-"
"teammate","mate","dig- wsd-"
"stint","stretch","dig- wsd-"
"chagrin","humiliation","dig- wsd-"
"4-80%.txt"
"rouge","0.24354","0.24354","0.0","same"
"word","1"
"chagrin","humiliation","dig- wsd-"
"4-85%.txt"
"rouge","0.25352","0.25352","0.0","same"
"word","0"
"4-90%.txt"
"rouge","0.34394","0.34394","0.0","same"
"word","0"
"4-95%.txt"
"rouge","0.24243","0.24243","0.0","same"
"word","0"
"5-70%.txt"
"rouge","0.18749","0.17413","0.013359999999999983","down"
"word","25"
"champion","friend","dig+ wsd-"
"his","how-do-you-do","dig- wsd-"
"departure","going","dig- wsd-"
"teammate","mate","dig- wsd-"
"remained","remain","dig- wsd-"
"his","how-do-you-do","dig- wsd-"
"finale","last","dig- wsd-"
"endured","last","dig- wsd-"
"his","how-do-you-do","dig- wsd-"
"failing","fail","dig- wsd-"
"compared","compare","dig- wsd-"
"his","how-do-you-do","dig- wsd-"
"teammate","mate","dig- wsd-"
"his","how-do-you-do","dig- wsd-"
"debut","entry","dig- wsd-"
"mention","note","dig- wsd-"
"championships","title","dig- wsd-"
"his","how-do-you-do","dig- wsd-"
"stint","stretch","dig- wsd-"
"remains","stay","dig- wsd-"
"champions","friend","dig- wsd-"
"confirmed","confirm","dig- wsd-"
"announced","announce","dig- wsd-"
"chagrin","humiliation","dig- wsd-"
"filled","fill","dig- wsd-"
"5-80%.txt"
"rouge","0.24354","0.23358","0.009959999999999997","down"
"word","9"
"champion","friend","dig+ wsd-"
"his","how-do-you-do","dig- wsd-"
"debut","entry","dig- wsd-"
"mention","note","dig- wsd-"
"championships","title","dig- wsd-"
"champions","friend","dig- wsd-"
"confirmed","confirm","dig- wsd-"
"announced","announce","dig- wsd-"
"chagrin","humiliation","dig- wsd-"
"5-85%.txt"
"rouge","0.25352","0.24414","0.009380000000000027","down"
"word","4"
"champion","friend","dig+ wsd-"
"champions","friend","dig- wsd-"
"confirmed","confirm","dig- wsd-"
"filled","fill","dig- wsd-"
"5-90%.txt"
"rouge","0.34394","0.33121","0.012730000000000019","down"
"word","3"
"champion","friend","dig+ wsd-"
"champions","friend","dig- wsd-"
"confirmed","confirm","dig- wsd-"
"5-95%.txt"
"rouge","0.24243","0.22222","0.020210000000000006","down"
"word","2"
"champions","friend","dig- wsd-"
"confirmed","confirm","dig- wsd-"

"00ac6fa0167e99167565ab9a12c1c96bf48ac414","---------------------------"
"1-70%.txt"
"rouge","0.46667","0.46667","0.0","same"
"word","0"
"1-80%.txt"
"rouge","0.57392","0.57392","0.0","same"
"word","0"
"1-85%.txt"
"rouge","0.26087","0.26087","0.0","same"
"word","0"
"1-90%.txt"
"rouge","0.225","0.225","0.0","same"
"word","0"
"1-95%.txt"
"rouge","0.12698","0.12698","0.0","same"
"word","0"
"2-70%.txt"
"rouge","0.46667","0.46667","0.0","same"
"word","0"
"2-80%.txt"
"rouge","0.57392","0.57392","0.0","same"
"word","0"
"2-85%.txt"
"rouge","0.26087","0.26087","0.0","same"
"word","0"
"2-90%.txt"
"rouge","0.225","0.225","0.0","same"
"word","0"
"2-95%.txt"
"rouge","0.12698","0.12698","0.0","same"
"word","0"
"3-70%.txt"
"rouge","0.46667","0.46667","0.0","same"
"word","0"
"3-80%.txt"
"rouge","0.57392","0.57392","0.0","same"
"word","0"
"3-85%.txt"
"rouge","0.26087","0.26087","0.0","same"
"word","0"
"3-90%.txt"
"rouge","0.225","0.225","0.0","same"
"word","0"
"3-95%.txt"
"rouge","0.12698","0.12698","0.0","same"
"word","0"
"4-70%.txt"
"rouge","0.46667","0.46667","0.0","same"
"word","1"
"undergoing","undergo","dig- wsd+"
"4-80%.txt"
"rouge","0.57392","0.57392","0.0","same"
"word","1"
"undergoing","undergo","dig- wsd+"
"4-85%.txt"
"rouge","0.26087","0.26087","0.0","same"
"word","0"
"4-90%.txt"
"rouge","0.225","0.225","0.0","same"
"word","0"
"4-95%.txt"
"rouge","0.12698","0.12698","0.0","same"
"word","0"
"5-70%.txt"
"rouge","0.46667","0.44","0.02666999999999997","down"
"word","10"
"undergoing","undergo","dig- wsd+"
"surgery","operation","dig- wsd-"
"defeat","kill","dig+ wsd-"
"Championship","title","dig- wsd-"
"attracted","attract","dig- wsd-"
"ranked","place","dig- wsd-"
"earned","make","dig- wsd-"
"against","awinst","dig- wsd-"
"gain","win","dig- wsd-"
"against","awinst","dig- wsd-"
"5-80%.txt"
"rouge","0.57392","0.53913","0.03478999999999999","down"
"word","7"
"undergoing","undergo","dig- wsd+"
"surgery","operation","dig- wsd-"
"defeat","kill","dig+ wsd-"
"earned","make","dig- wsd-"
"against","awinst","dig- wsd-"
"gain","win","dig- wsd-"
"against","awinst","dig- wsd-"
"5-85%.txt"
"rouge","0.26087","0.26087","0.0","same"
"word","4"
"earned","make","dig- wsd-"
"against","awinst","dig- wsd-"
"gain","win","dig- wsd-"
"against","awinst","dig- wsd-"
"5-90%.txt"
"rouge","0.225","0.225","0.0","same"
"word","4"
"earned","make","dig- wsd-"
"against","awinst","dig- wsd-"
"gain","win","dig- wsd-"
"against","awinst","dig- wsd-"
"5-95%.txt"
"rouge","0.12698","0.12698","0.0","same"
"word","0"

"00ac882e1a7f4862fa9f1e863b738966625f554d","---------------------------"
"1-70%.txt"
"rouge","0.10204","0.10204","0.0","same"
"word","1"
"baptizes","baptise","dig- wsd-"
"1-80%.txt"
"rouge","0.14706","0.14706","0.0","same"
"word","1"
"baptizes","baptise","dig- wsd-"
"1-85%.txt"
"rouge","0.175","0.175","0.0","same"
"word","1"
"baptizes","baptise","dig- wsd-"
"1-90%.txt"
"rouge","0.23932","0.23932","0.0","same"
"word","1"
"baptizes","baptise","dig- wsd-"
"1-95%.txt"
"rouge","0.25","0.25","0.0","same"
"word","1"
"baptizes","baptise","dig- wsd-"
"2-70%.txt"
"rouge","0.10204","0.10204","0.0","same"
"word","1"
"baptizes","baptise","dig- wsd-"
"2-80%.txt"
"rouge","0.14706","0.14706","0.0","same"
"word","1"
"baptizes","baptise","dig- wsd-"
"2-85%.txt"
"rouge","0.175","0.175","0.0","same"
"word","1"
"baptizes","baptise","dig- wsd-"
"2-90%.txt"
"rouge","0.23932","0.23932","0.0","same"
"word","1"
"baptizes","baptise","dig- wsd-"
"2-95%.txt"
"rouge","0.25","0.25","0.0","same"
"word","1"
"baptizes","baptise","dig- wsd-"
"3-70%.txt"
"rouge","0.10204","0.10204","0.0","same"
"word","1"
"baptizes","baptise","dig- wsd-"
"3-80%.txt"
"rouge","0.14706","0.14706","0.0","same"
"word","1"
"baptizes","baptise","dig- wsd-"
"3-85%.txt"
"rouge","0.175","0.175","0.0","same"
"word","1"
"baptizes","baptise","dig- wsd-"
"3-90%.txt"
"rouge","0.23932","0.23932","0.0","same"
"word","1"
"baptizes","baptise","dig- wsd-"
"3-95%.txt"
"rouge","0.25","0.25","0.0","same"
"word","1"
"baptizes","baptise","dig- wsd-"
"4-70%.txt"
"rouge","0.10204","0.10204","0.0","same"
"word","4"
"baptizes","baptise","dig- wsd-"
"scholars","student","dig- wsd-"
"According","agree","dig- wsd-"
"rebellion","rising","dig- wsd-"
"4-80%.txt"
"rouge","0.14706","0.14706","0.0","same"
"word","2"
"baptizes","baptise","dig- wsd-"
"scholars","student","dig- wsd-"
"4-85%.txt"
"rouge","0.175","0.175","0.0","same"
"word","2"
"baptizes","baptise","dig- wsd-"
"scholars","student","dig- wsd-"
"4-90%.txt"
"rouge","0.23932","0.23932","0.0","same"
"word","1"
"baptizes","baptise","dig- wsd-"
"4-95%.txt"
"rouge","0.25","0.25","0.0","same"
"word","1"
"baptizes","baptise","dig- wsd-"
"5-70%.txt"
"rouge","0.10204","0.10356","-0.0015199999999999936","up"
"word","23"
"Was","Washington","dig- wsd-"
"division","part","dig- wsd+"
"lay","place","dig- wsd-"
"his","how-do-you-do","dig- wsd-"
"baptizes","baptise","dig- wsd-"
"hints","lead","dig- wsd-"
"Testament","will","dig- wsd-"
"his","how-do-you-do","dig- wsd-"
"countering","counter","dig- wsd-"
"raised","raise","dig- wsd-"
"scholars","student","dig- wsd-"
"references","source","dig- wsd-"
"historian","how-do-you-dotorian","dig- wsd-"
"mentions","reference","dig- wsd-"
"his","how-do-you-do","dig- wsd-"
"According","agree","dig- wsd-"
"rebellion","rising","dig- wsd-"
"his","how-do-you-do","dig- wsd-"
"request","asking","dig- wsd-"
"demanding","demand","dig- wsd-"
"request","asking","dig- wsd-"
"teaching","teach","dig- wsd-"
"Prayer","appeal","dig- wsd-"
"5-80%.txt"
"rouge","0.14706","0.14612","0.0009399999999999964","down"
"word","16"
"Was","Washington","dig- wsd-"
"division","part","dig- wsd+"
"lay","place","dig- wsd-"
"his","how-do-you-do","dig- wsd-"
"baptizes","baptise","dig- wsd-"
"hints","lead","dig- wsd-"
"Testament","will","dig- wsd-"
"his","how-do-you-do","dig- wsd-"
"countering","counter","dig- wsd-"
"raised","raise","dig- wsd-"
"scholars","student","dig- wsd-"
"references","source","dig- wsd-"
"historian","how-do-you-dotorian","dig- wsd-"
"mentions","reference","dig- wsd-"
"his","how-do-you-do","dig- wsd-"
"his","how-do-you-do","dig- wsd-"
"5-85%.txt"
"rouge","0.175","0.17441","0.0005899999999999794","down"
"word","15"
"Was","Washington","dig- wsd-"
"division","part","dig- wsd+"
"lay","place","dig- wsd-"
"his","how-do-you-do","dig- wsd-"
"baptizes","baptise","dig- wsd-"
"hints","lead","dig- wsd-"
"Testament","will","dig- wsd-"
"his","how-do-you-do","dig- wsd-"
"countering","counter","dig- wsd-"
"raised","raise","dig- wsd-"
"scholars","student","dig- wsd-"
"references","source","dig- wsd-"
"historian","how-do-you-dotorian","dig- wsd-"
"mentions","reference","dig- wsd-"
"his","how-do-you-do","dig- wsd-"
"5-90%.txt"
"rouge","0.23932","0.21705","0.022270000000000012","down"
"word","9"
"Was","Washington","dig- wsd-"
"division","part","dig- wsd+"
"lay","place","dig- wsd-"
"his","how-do-you-do","dig- wsd-"
"baptizes","baptise","dig- wsd-"
"historian","how-do-you-dotorian","dig- wsd-"
"mentions","reference","dig- wsd-"
"his","how-do-you-do","dig- wsd-"
"his","how-do-you-do","dig- wsd-"
"5-95%.txt"
"rouge","0.25","0.24","0.010000000000000009","down"
"word","3"
"lay","place","dig- wsd-"
"his","how-do-you-do","dig- wsd-"
"baptizes","baptise","dig- wsd-"

"00ac91a5794537f1f37a8962a41fea6dbea2779b","---------------------------"
"1-70%.txt"
"rouge","0.4","0.4","0.0","same"
"word","0"
"1-80%.txt"
"rouge","0.5","0.5","0.0","same"
"word","0"
"1-85%.txt"
"rouge","0.48148","0.48148","0.0","same"
"word","0"
"1-90%.txt"
"rouge","0.48148","0.48148","0.0","same"
"word","0"
"1-95%.txt"
"rouge","0.2","0.2","0.0","same"
"word","0"
"2-70%.txt"
"rouge","0.4","0.4","0.0","same"
"word","0"
"2-80%.txt"
"rouge","0.5","0.5","0.0","same"
"word","0"
"2-85%.txt"
"rouge","0.48148","0.48148","0.0","same"
"word","0"
"2-90%.txt"
"rouge","0.48148","0.48148","0.0","same"
"word","0"
"2-95%.txt"
"rouge","0.2","0.2","0.0","same"
"word","0"
"3-70%.txt"
"rouge","0.4","0.4","0.0","same"
"word","0"
"3-80%.txt"
"rouge","0.5","0.5","0.0","same"
"word","0"
"3-85%.txt"
"rouge","0.48148","0.48148","0.0","same"
"word","0"
"3-90%.txt"
"rouge","0.48148","0.48148","0.0","same"
"word","0"
"3-95%.txt"
"rouge","0.2","0.2","0.0","same"
"word","0"
"4-70%.txt"
"rouge","0.4","0.4","0.0","same"
"word","0"
"4-80%.txt"
"rouge","0.5","0.5","0.0","same"
"word","0"
"4-85%.txt"
"rouge","0.48148","0.48148","0.0","same"
"word","0"
"4-90%.txt"
"rouge","0.48148","0.48148","0.0","same"
"word","0"
"4-95%.txt"
"rouge","0.2","0.2","0.0","same"
"word","0"
"5-70%.txt"
"rouge","0.4","0.37895","0.021050000000000013","down"
"word","4"
"aid","help","dig+ wsd-"
"said","shelp","dig- wsd-"
"aid","care","dig+ wsd-"
"aid","care","dig+ wsd-"
"5-80%.txt"
"rouge","0.5","0.47369","0.02631","down"
"word","3"
"aid","help","dig+ wsd-"
"said","shelp","dig- wsd-"
"aid","care","dig+ wsd-"
"5-85%.txt"
"rouge","0.48148","0.44445","0.03703000000000001","down"
"word","1"
"aid","care","dig+ wsd-"
"5-90%.txt"
"rouge","0.48148","0.44445","0.03703000000000001","down"
"word","1"
"aid","care","dig+ wsd-"
"5-95%.txt"
"rouge","0.2","0.2","0.0","same"
"word","0"

"00ae31ff5ede1de6cd39eccf36bae935c882527b","---------------------------"
"1-70%.txt"
"rouge","0.20567","0.20567","0.0","same"
"word","5"
"sickened","revolt","dig- wsd-"
"hospitalized,","hospitalise,","dig- wsd-"
"importation","importing","dig- wsd-"
"checkups,","medical,","dig- wsd-"
"confined","limit","dig- wsd-"
"1-80%.txt"
"rouge","0.27723","0.27723","0.0","same"
"word","4"
"sickened","revolt","dig- wsd-"
"hospitalized,","hospitalise,","dig- wsd-"
"importation","importing","dig- wsd-"
"confined","limit","dig- wsd-"
"1-85%.txt"
"rouge","0.33129","0.33129","0.0","same"
"word","3"
"sickened","revolt","dig- wsd-"
"hospitalized,","hospitalise,","dig- wsd-"
"importation","importing","dig- wsd-"
"1-90%.txt"
"rouge","0.28099","0.28099","0.0","same"
"word","2"
"hospitalized,","hospitalise,","dig- wsd-"
"importation","importing","dig- wsd-"
"1-95%.txt"
"rouge","0.17949","0.17949","0.0","same"
"word","0"
"2-70%.txt"
"rouge","0.20567","0.20567","0.0","same"
"word","5"
"sickened","revolt","dig- wsd-"
"hospitalized,","hospitalise,","dig- wsd-"
"importation","importing","dig- wsd-"
"checkups,","medical,","dig- wsd-"
"confined","limit","dig- wsd-"
"2-80%.txt"
"rouge","0.27723","0.27723","0.0","same"
"word","4"
"sickened","revolt","dig- wsd-"
"hospitalized,","hospitalise,","dig- wsd-"
"importation","importing","dig- wsd-"
"confined","limit","dig- wsd-"
"2-85%.txt"
"rouge","0.33129","0.33129","0.0","same"
"word","3"
"sickened","revolt","dig- wsd-"
"hospitalized,","hospitalise,","dig- wsd-"
"importation","importing","dig- wsd-"
"2-90%.txt"
"rouge","0.28099","0.28099","0.0","same"
"word","2"
"hospitalized,","hospitalise,","dig- wsd-"
"importation","importing","dig- wsd-"
